data_to_raw_source_product,urn:nasa:pds:lro-l-lroc-2-edr:lrolrc_0001_data:nac.m109000415re::2.0
data_to_raw_source_product,urn:nasa:pds:lro-l-lroc-2-edr:lrolrc_0001_data:nac.m109014017re::2.0
data_to_raw_source_product,urn:nasa:pds:lro-l-lroc-2-edr:lrolrc_0001_data:nac.m111356705re::2.0
data_to_raw_source_product,urn:nasa:pds:lro-l-lroc-2-edr:lrolrc_0001_data:nac.m111363476le::2.0
data_to_raw_source_product,urn:nasa:pds:lro-l-lroc-2-edr:lrolrc_0001_data:nac.m111363476re::2.0
data_to_raw_source_product,urn:nasa:pds:lro-l-lroc-2-edr:lrolrc_0001_data:nac.m111383847le::2.0
data_to_raw_source_product,urn:nasa:pds:lro-l-lroc-2-edr:lrolrc_0001_data:nac.m113726517re::2.0
data_to_raw_source_product,urn:nasa:pds:lro-l-lroc-2-edr:lrolrc_0001_data:nac.m113726517le::2.0
data_to_raw_source_product,urn:nasa:pds:lro-l-lroc-2-edr:lrolrc_0001_data:nac.m113733317le::2.0
data_to_raw_source_product,urn:nasa:pds:lro-l-lroc-2-edr:lrolrc_0001_data:nac.m116094857le::2.0
data_to_raw_source_product,urn:nasa:pds:lro-l-lroc-2-edr:lrolrc_0002_data:nac.m117309640le::2.0
data_to_raw_source_product,urn:nasa:pds:lro-l-lroc-2-edr:lrolrc_0002_data:nac.m117323210le::2.0
data_to_raw_source_product,urn:nasa:pds:lro-l-lroc-2-edr:lrolrc_0002_data:nac.m117323210re::2.0
data_to_raw_source_product,urn:nasa:pds:lro-l-lroc-2-edr:lrolrc_0002_data:nac.m117336778le::2.0
data_to_raw_source_product,urn:nasa:pds:lro-l-lroc-2-edr:lrolrc_0002_data:nac.m117336778re::2.0
data_to_raw_source_product,urn:nasa:pds:lro-l-lroc-2-edr:lrolrc_0002_data:nac.m117350346le::2.0
data_to_raw_source_product,urn:nasa:pds:lro-l-lroc-2-edr:lrolrc_0002_data:nac.m117350346re::2.0
data_to_raw_source_product,urn:nasa:pds:lro-l-lroc-2-edr:lrolrc_0002_data:nac.m119664413le::2.0
data_to_raw_source_product,urn:nasa:pds:lro-l-lroc-2-edr:lrolrc_0002_data:nac.m122019114re::2.0
data_to_raw_source_product,urn:nasa:pds:lro-l-lroc-2-edr:lrolrc_0002_data:nac.m122019114le::2.0
data_to_raw_source_product,urn:nasa:pds:lro-l-lroc-2-edr:lrolrc_0002_data:nac.m122025935re::2.0
data_to_raw_source_product,urn:nasa:pds:lro-l-lroc-2-edr:lrolrc_0002_data:nac.m122025935le::2.0
data_to_raw_source_product,urn:nasa:pds:lro-l-lroc-2-edr:lrolrc_0002_data:nac.m122039469le::2.0
data_to_raw_source_product,urn:nasa:pds:lro-l-lroc-2-edr:lrolrc_0002_data:nac.m122039469re::2.0
data_to_raw_source_product,urn:nasa:pds:lro-l-lroc-2-edr:lrolrc_0002_data:nac.m122046291re::2.0
data_to_raw_source_product,urn:nasa:pds:lro-l-lroc-2-edr:lrolrc_0002_data:nac.m122046291le::2.0
data_to_raw_source_product,urn:nasa:pds:lro-l-lroc-2-edr:lrolrc_0003_data:nac.m124360457le::2.0
data_to_raw_source_product,urn:nasa:pds:lro-l-lroc-2-edr:lrolrc_0003_data:nac.m124367215le::2.0
data_to_raw_source_product,urn:nasa:pds:lro-l-lroc-2-edr:lrolrc_0003_data:nac.m124401181re::2.0
data_to_raw_source_product,urn:nasa:pds:lro-l-lroc-2-edr:lrolrc_0003_data:nac.m124407961re::2.0
data_to_raw_source_product,urn:nasa:pds:lro-l-lroc-2-edr:lrolrc_0003_data:nac.m124414724re::2.0
data_to_raw_source_product,urn:nasa:pds:lro-l-lroc-2-edr:lrolrc_0003_data:nac.m124414724le::2.0
data_to_raw_source_product,urn:nasa:pds:lro-l-lroc-2-edr:lrolrc_0003_data:nac.m124428335re::2.0
data_to_raw_source_product,urn:nasa:pds:lro-l-lroc-2-edr:lrolrc_0003_data:nac.m126722669re::2.0
data_to_raw_source_product,urn:nasa:pds:lro-l-lroc-2-edr:lrolrc_0003_data:nac.m126749770re::2.0
data_to_raw_source_product,urn:nasa:pds:lro-l-lroc-2-edr:lrolrc_0003_data:nac.m126749770le::2.0
data_to_raw_source_product,urn:nasa:pds:lro-l-lroc-2-edr:lrolrc_0003_data:nac.m126756593re::2.0
data_to_raw_source_product,urn:nasa:pds:lro-l-lroc-2-edr:lrolrc_0003_data:nac.m126770117le::2.0
data_to_raw_source_product,urn:nasa:pds:lro-l-lroc-2-edr:lrolrc_0003_data:nac.m126770117re::2.0
data_to_raw_source_product,urn:nasa:pds:lro-l-lroc-2-edr:lrolrc_0003_data:nac.m126776938re::2.0
data_to_raw_source_product,urn:nasa:pds:lro-l-lroc-2-edr:lrolrc_0004_data:nac.m134980177le::2.0
data_to_raw_source_product,urn:nasa:pds:lro-l-lroc-2-edr:lrolrc_0004_data:nac.m134980177re::2.0
data_to_raw_source_product,urn:nasa:pds:lro-l-lroc-2-edr:lrolrc_0004_data:nac.m135000533re::2.0
data_to_raw_source_product,urn:nasa:pds:lro-l-lroc-2-edr:lrolrc_0004_data:nac.m137348227le::2.0
data_to_raw_source_product,urn:nasa:pds:lro-l-lroc-2-edr:lrolrc_0004_data:nac.m137348227re::2.0
data_to_raw_source_product,urn:nasa:pds:lro-l-lroc-2-edr:lrolrc_0005_data:nac.m139702483le::2.0
data_to_raw_source_product,urn:nasa:pds:lro-l-lroc-2-edr:lrolrc_0005_data:nac.m143196860le::2.0
data_to_raw_source_product,urn:nasa:pds:lro-l-lroc-2-edr:lrolrc_0005_data:nac.m143196860re::2.0
data_to_raw_source_product,urn:nasa:pds:lro-l-lroc-2-edr:lrolrc_0005_data:nac.m143217208re::2.0
data_to_raw_source_product,urn:nasa:pds:lro-l-lroc-2-edr:lrolrc_0005_data:nac.m143217208le::2.0
data_to_raw_source_product,urn:nasa:pds:lro-l-lroc-2-edr:lrolrc_0005_data:nac.m143230774re::2.0
data_to_raw_source_product,urn:nasa:pds:lro-l-lroc-2-edr:lrolrc_0005_data:nac.m143230774le::2.0
data_to_raw_source_product,urn:nasa:pds:lro-l-lroc-2-edr:lrolrc_0005_data:nac.m143244339le::2.0
data_to_raw_source_product,urn:nasa:pds:lro-l-lroc-2-edr:lrolrc_0005_data:nac.m143244339re::2.0
data_to_raw_source_product,urn:nasa:pds:lro-l-lroc-2-edr:lrolrc_0005_data:nac.m144438243re::2.0
data_to_raw_source_product,urn:nasa:pds:lro-l-lroc-2-edr:lrolrc_0005_data:nac.m144438243le::2.0
data_to_raw_source_product,urn:nasa:pds:lro-l-lroc-2-edr:lrolrc_0005_data:nac.m144451810le::2.0
data_to_raw_source_product,urn:nasa:pds:lro-l-lroc-2-edr:lrolrc_0006_data:nac.m147965612re::2.0
data_to_raw_source_product,urn:nasa:pds:lro-l-lroc-2-edr:lrolrc_0007_data:nac.m157321873le::2.0
data_to_raw_source_product,urn:nasa:pds:lro-l-lroc-2-edr:lrolrc_0007_data:nac.m157321873re::2.0
data_to_raw_source_product,urn:nasa:pds:lro-l-lroc-2-edr:lrolrc_0007_data:nac.m162003819re::2.0
data_to_raw_source_product,urn:nasa:pds:lro-l-lroc-2-edr:lrolrc_0007_data:nac.m162017391le::2.0
data_to_raw_source_product,urn:nasa:pds:lro-l-lroc-2-edr:lrolrc_0007_data:nac.m162030962re::2.0
data_to_raw_source_product,urn:nasa:pds:lro-l-lroc-2-edr:lrolrc_0009_data:nac.m172746425re::2.0
data_to_raw_source_product,urn:nasa:pds:lro-l-lroc-2-edr:lrolrc_0009_data:nac.m172753210le::2.0
data_to_raw_source_product,urn:nasa:pds:lro-l-lroc-2-edr:lrolrc_0009_data:nac.m172759995re::2.0
data_to_raw_source_product,urn:nasa:pds:lro-l-lroc-2-edr:lrolrc_0009_data:nac.m172766779re::2.0
data_to_raw_source_product,urn:nasa:pds:lro-l-lroc-2-edr:lrolrc_0009_data:nac.m175113007le::2.0
data_to_raw_source_product,urn:nasa:pds:lro-l-lroc-2-edr:lrolrc_0009_data:nac.m175113007re::2.0
data_to_raw_source_product,urn:nasa:pds:lro-l-lroc-2-edr:lrolrc_0009_data:nac.m175126500re::2.0
data_to_raw_source_product,urn:nasa:pds:lro-l-lroc-2-edr:lrolrc_0009_data:nac.m175126500le::2.0
data_to_raw_source_product,urn:nasa:pds:lro-l-lroc-2-edr:lrolrc_0009_data:nac.m176138791re::2.0
data_to_raw_source_product,urn:nasa:pds:lro-l-lroc-2-edr:lrolrc_0009_data:nac.m176138791le::2.0
data_to_raw_source_product,urn:nasa:pds:lro-l-lroc-2-edr:lrolrc_0009_data:nac.m176145539re::2.0
data_to_raw_source_product,urn:nasa:pds:lro-l-lroc-2-edr:lrolrc_0009_data:nac.m177476016le::2.0
data_to_raw_source_product,urn:nasa:pds:lro-l-lroc-2-edr:lrolrc_0009_data:nac.m178483980re::2.0
data_to_raw_source_product,urn:nasa:pds:lro-l-lroc-2-edr:lrolrc_0009_data:nac.m178483980le::2.0
data_to_raw_source_product,urn:nasa:pds:lro-l-lroc-2-edr:lrolrc_0009_data:nac.m178491128re::2.0
data_to_raw_source_product,urn:nasa:pds:lro-l-lroc-2-edr:lrolrc_0009_data:nac.m178512576le::2.0
data_to_raw_source_product,urn:nasa:pds:lro-l-lroc-2-edr:lrolrc_0009_data:nac.m178519724le::2.0
data_to_raw_source_product,urn:nasa:pds:lro-l-lroc-2-edr:lrolrc_0009_data:nac.m178526872re::2.0
data_to_raw_source_product,urn:nasa:pds:lro-l-lroc-2-edr:lrolrc_0010_data:nac.m180842868re::2.0
data_to_raw_source_product,urn:nasa:pds:lro-l-lroc-2-edr:lrolrc_0010_data:nac.m180850016le::2.0
data_to_raw_source_product,urn:nasa:pds:lro-l-lroc-2-edr:lrolrc_0010_data:nac.m180871460re::2.0
data_to_raw_source_product,urn:nasa:pds:lro-l-lroc-2-edr:lrolrc_0010_data:nac.m180871460le::2.0
data_to_raw_source_product,urn:nasa:pds:lro-l-lroc-2-edr:lrolrc_0010_data:nac.m180878607re::2.0
data_to_raw_source_product,urn:nasa:pds:lro-l-lroc-2-edr:lrolrc_0010_data:nac.m183187416le::2.0
data_to_raw_source_product,urn:nasa:pds:lro-l-lroc-2-edr:lrolrc_0010_data:nac.m183201715le::2.0
data_to_raw_source_product,urn:nasa:pds:lro-l-lroc-2-edr:lrolrc_0010_data:nac.m183216017le::2.0
data_to_raw_source_product,urn:nasa:pds:lro-l-lroc-2-edr:lrolrc_0010_data:nac.m183216017re::2.0
data_to_raw_source_product,urn:nasa:pds:lro-l-lroc-2-edr:lrolrc_0010_data:nac.m183223157le::2.0
data_to_raw_source_product,urn:nasa:pds:lro-l-lroc-2-edr:lrolrc_0010_data:nac.m183223157re::2.0
data_to_raw_source_product,urn:nasa:pds:lro-l-lroc-2-edr:lrolrc_0010_data:nac.m183230318le::2.0
data_to_raw_source_product,urn:nasa:pds:lro-l-lroc-2-edr:lrolrc_0010_data:nac.m183230318re::2.0
data_to_raw_source_product,urn:nasa:pds:lro-l-lroc-2-edr:lrolrc_0010_data:nac.m185539121le::2.0
data_to_raw_source_product,urn:nasa:pds:lro-l-lroc-2-edr:lrolrc_0010_data:nac.m185539121re::2.0
data_to_raw_source_product,urn:nasa:pds:lro-l-lroc-2-edr:lrolrc_0010_data:nac.m185546298re::2.0
data_to_raw_source_product,urn:nasa:pds:lro-l-lroc-2-edr:lrolrc_0010_data:nac.m185574903re::2.0
data_to_raw_source_product,urn:nasa:pds:lro-l-lroc-2-edr:lrolrc_0010_data:nac.m185582019re::2.0
data_to_raw_source_product,urn:nasa:pds:lro-l-lroc-2-edr:lrolrc_0011_data:nac.m187890902re::2.0
data_to_raw_source_product,urn:nasa:pds:lro-l-lroc-2-edr:lrolrc_0011_data:nac.m187898029le::2.0
data_to_raw_source_product,urn:nasa:pds:lro-l-lroc-2-edr:lrolrc_0011_data:nac.m187898029re::2.0
data_to_raw_source_product,urn:nasa:pds:lro-l-lroc-2-edr:lrolrc_0011_data:nac.m187919499le::2.0
data_to_raw_source_product,urn:nasa:pds:lro-l-lroc-2-edr:lrolrc_0011_data:nac.m187926625re::2.0
data_to_raw_source_product,urn:nasa:pds:lro-l-lroc-2-edr:lrolrc_0011_data:nac.m187926625le::2.0
data_to_raw_source_product,urn:nasa:pds:lro-l-lroc-2-edr:lrolrc_0011_data:nac.m187933797re::2.0
data_to_raw_source_product,urn:nasa:pds:lro-l-lroc-2-edr:lrolrc_0011_data:nac.m187940923le::2.0
data_to_raw_source_product,urn:nasa:pds:lro-l-lroc-2-edr:lrolrc_0011_data:nac.m190256940le::2.0
data_to_raw_source_product,urn:nasa:pds:lro-l-lroc-2-edr:lrolrc_0011_data:nac.m192594455re::2.0
data_to_raw_source_product,urn:nasa:pds:lro-l-lroc-2-edr:lrolrc_0012_data:nac.m1094945381re::2.0
data_to_raw_source_product,urn:nasa:pds:lro-l-lroc-2-edr:lrolrc_0012_data:nac.m1094952500le::2.0
data_to_raw_source_product,urn:nasa:pds:lro-l-lroc-2-edr:lrolrc_0012_data:nac.m1096367110le::2.0
data_to_raw_source_product,urn:nasa:pds:lro-l-lroc-2-edr:lrolrc_0012_data:nac.m1096374268le::2.0
data_to_raw_source_product,urn:nasa:pds:lro-l-lroc-2-edr:lrolrc_0012_data:nac.m1096381399le::2.0
data_to_raw_source_product,urn:nasa:pds:lro-l-lroc-2-edr:lrolrc_0012_data:nac.m1096395687re::2.0
data_to_raw_source_product,urn:nasa:pds:lro-l-lroc-2-edr:lrolrc_0012_data:nac.m1096395687le::2.0
data_to_raw_source_product,urn:nasa:pds:lro-l-lroc-2-edr:lrolrc_0012_data:nac.m1096402842re::2.0
data_to_raw_source_product,urn:nasa:pds:lro-l-lroc-2-edr:lrolrc_0012_data:nac.m1097303293le::2.0
data_to_raw_source_product,urn:nasa:pds:lro-l-lroc-2-edr:lrolrc_0012_data:nac.m1097303293re::2.0
data_to_raw_source_product,urn:nasa:pds:lro-l-lroc-2-edr:lrolrc_0012_data:nac.m1097310438le::2.0
data_to_raw_source_product,urn:nasa:pds:lro-l-lroc-2-edr:lrolrc_0012_data:nac.m1098753609le::2.0
data_to_raw_source_product,urn:nasa:pds:lro-l-lroc-2-edr:lrolrc_0012_data:nac.m1098753609re::2.0
data_to_raw_source_product,urn:nasa:pds:lro-l-lroc-2-edr:lrolrc_0012_data:nac.m1101075756le::2.0
data_to_raw_source_product,urn:nasa:pds:lro-l-lroc-2-edr:lrolrc_0012_data:nac.m1101075756re::2.0
data_to_raw_source_product,urn:nasa:pds:lro-l-lroc-2-edr:lrolrc_0012_data:nac.m1101097181re::2.0
data_to_raw_source_product,urn:nasa:pds:lro-l-lroc-2-edr:lrolrc_0012_data:nac.m1101118606le::2.0
data_to_raw_source_product,urn:nasa:pds:lro-l-lroc-2-edr:lrolrc_0012_data:nac.m1102018785le::2.0
data_to_raw_source_product,urn:nasa:pds:lro-l-lroc-2-edr:lrolrc_0012_data:nac.m1102018785re::2.0
data_to_raw_source_product,urn:nasa:pds:lro-l-lroc-2-edr:lrolrc_0012_data:nac.m1102025927le::2.0
data_to_raw_source_product,urn:nasa:pds:lro-l-lroc-2-edr:lrolrc_0012_data:nac.m1102047362re::2.0
data_to_raw_source_product,urn:nasa:pds:lro-l-lroc-2-edr:lrolrc_0012_data:nac.m1102047362le::2.0
data_to_raw_source_product,urn:nasa:pds:lro-l-lroc-2-edr:lrolrc_0013_data:nac.m1103475755le::2.0
data_to_raw_source_product,urn:nasa:pds:lro-l-lroc-2-edr:lrolrc_0013_data:nac.m1103475755re::2.0
data_to_raw_source_product,urn:nasa:pds:lro-l-lroc-2-edr:lrolrc_0013_data:nac.m1104361725le::2.0
data_to_raw_source_product,urn:nasa:pds:lro-l-lroc-2-edr:lrolrc_0013_data:nac.m1104376013le::2.0
data_to_raw_source_product,urn:nasa:pds:lro-l-lroc-2-edr:lrolrc_0013_data:nac.m1104390296re::2.0
data_to_raw_source_product,urn:nasa:pds:lro-l-lroc-2-edr:lrolrc_0013_data:nac.m1104390296le::2.0
data_to_raw_source_product,urn:nasa:pds:lro-l-lroc-2-edr:lrolrc_0013_data:nac.m1104404585re::2.0
data_to_raw_source_product,urn:nasa:pds:lro-l-lroc-2-edr:lrolrc_0013_data:nac.m1105804491le::2.0
data_to_raw_source_product,urn:nasa:pds:lro-l-lroc-2-edr:lrolrc_0013_data:nac.m1105804491re::2.0
data_to_raw_source_product,urn:nasa:pds:lro-l-lroc-2-edr:lrolrc_0013_data:nac.m1105818783re::2.0
data_to_raw_source_product,urn:nasa:pds:lro-l-lroc-2-edr:lrolrc_0013_data:nac.m1105818783le::2.0
data_to_raw_source_product,urn:nasa:pds:lro-l-lroc-2-edr:lrolrc_0013_data:nac.m1106726441re::2.0
data_to_raw_source_product,urn:nasa:pds:lro-l-lroc-2-edr:lrolrc_0013_data:nac.m1106726441le::2.0
data_to_raw_source_product,urn:nasa:pds:lro-l-lroc-2-edr:lrolrc_0013_data:nac.m1108162629re::2.0
data_to_raw_source_product,urn:nasa:pds:lro-l-lroc-2-edr:lrolrc_0013_data:nac.m1108184072le::2.0
data_to_raw_source_product,urn:nasa:pds:lro-l-lroc-2-edr:lrolrc_0013_data:nac.m1109084754re::2.0
data_to_raw_source_product,urn:nasa:pds:lro-l-lroc-2-edr:lrolrc_0013_data:nac.m1109084754le::2.0
data_to_raw_source_product,urn:nasa:pds:lro-l-lroc-2-edr:lrolrc_0013_data:nac.m1109113333le::2.0
data_to_raw_source_product,urn:nasa:pds:lro-l-lroc-2-edr:lrolrc_0014_data:nac.m1110525315le::2.0
data_to_raw_source_product,urn:nasa:pds:lro-l-lroc-2-edr:lrolrc_0014_data:nac.m1110525315re::2.0
data_to_raw_source_product,urn:nasa:pds:lro-l-lroc-2-edr:lrolrc_0014_data:nac.m1110532418le::2.0
data_to_raw_source_product,urn:nasa:pds:lro-l-lroc-2-edr:lrolrc_0014_data:nac.m1113771302le::2.0
data_to_raw_source_product,urn:nasa:pds:lro-l-lroc-2-edr:lrolrc_0014_data:nac.m1113778407re::2.0
data_to_raw_source_product,urn:nasa:pds:lro-l-lroc-2-edr:lrolrc_0014_data:nac.m1113785512re::2.0
data_to_raw_source_product,urn:nasa:pds:lro-l-lroc-2-edr:lrolrc_0014_data:nac.m1113785512le::2.0
data_to_raw_source_product,urn:nasa:pds:lro-l-lroc-2-edr:lrolrc_0014_data:nac.m1113792617le::2.0
data_to_raw_source_product,urn:nasa:pds:lro-l-lroc-2-edr:lrolrc_0014_data:nac.m1113799716le::2.0
data_to_raw_source_product,urn:nasa:pds:lro-l-lroc-2-edr:lrolrc_0014_data:nac.m1113806831re::2.0
data_to_raw_source_product,urn:nasa:pds:lro-l-lroc-2-edr:lrolrc_0014_data:nac.m1113806831le::2.0
data_to_raw_source_product,urn:nasa:pds:lro-l-lroc-2-edr:lrolrc_0014_data:nac.m1113828140re::2.0
data_to_raw_source_product,urn:nasa:pds:lro-l-lroc-2-edr:lrolrc_0014_data:nac.m1116129515re::2.0
data_to_raw_source_product,urn:nasa:pds:lro-l-lroc-2-edr:lrolrc_0015_data:nac.m1120845745re::2.0
data_to_raw_source_product,urn:nasa:pds:lro-l-lroc-2-edr:lrolrc_0015_data:nac.m1120852845le::2.0
data_to_raw_source_product,urn:nasa:pds:lro-l-lroc-2-edr:lrolrc_0015_data:nac.m1122315831le::2.0
data_to_raw_source_product,urn:nasa:pds:lro-l-lroc-2-edr:lrolrc_0015_data:nac.m1122322940re::2.0
data_to_raw_source_product,urn:nasa:pds:lro-l-lroc-2-edr:lrolrc_0015_data:nac.m1122330050re::2.0
data_to_raw_source_product,urn:nasa:pds:lro-l-lroc-2-edr:lrolrc_0015_data:nac.m1122330050le::2.0
data_to_raw_source_product,urn:nasa:pds:lro-l-lroc-2-edr:lrolrc_0015_data:nac.m1122337160le::2.0
data_to_raw_source_product,urn:nasa:pds:lro-l-lroc-2-edr:lrolrc_0015_data:nac.m1122337160re::2.0
data_to_raw_source_product,urn:nasa:pds:lro-l-lroc-2-edr:lrolrc_0015_data:nac.m1122344270re::2.0
data_to_raw_source_product,urn:nasa:pds:lro-l-lroc-2-edr:lrolrc_0015_data:nac.m1122344270le::2.0
data_to_raw_source_product,urn:nasa:pds:lro-l-lroc-2-edr:lrolrc_0015_data:nac.m1122358490re::2.0
data_to_raw_source_product,urn:nasa:pds:lro-l-lroc-2-edr:lrolrc_0015_data:nac.m1123183548re::2.0
data_to_raw_source_product,urn:nasa:pds:lro-l-lroc-2-edr:lrolrc_0015_data:nac.m1123190634le::2.0
data_to_raw_source_product,urn:nasa:pds:lro-l-lroc-2-edr:lrolrc_0015_data:nac.m1123190634re::2.0
data_to_raw_source_product,urn:nasa:pds:lro-l-lroc-2-edr:lrolrc_0015_data:nac.m1124676732le::2.0
data_to_raw_source_product,urn:nasa:pds:lro-l-lroc-2-edr:lrolrc_0015_data:nac.m1124690967le::2.0
data_to_raw_source_product,urn:nasa:pds:lro-l-lroc-2-edr:lrolrc_0015_data:nac.m1124698063re::2.0
data_to_raw_source_product,urn:nasa:pds:lro-l-lroc-2-edr:lrolrc_0015_data:nac.m1124719402re::2.0
data_to_raw_source_product,urn:nasa:pds:lro-l-lroc-2-edr:lrolrc_0015_data:nac.m1125537355le::2.0
data_to_raw_source_product,urn:nasa:pds:lro-l-lroc-2-edr:lrolrc_0015_data:nac.m1125544489le::2.0
data_to_raw_source_product,urn:nasa:pds:lro-l-lroc-2-edr:lrolrc_0015_data:nac.m1125544489re::2.0
data_to_raw_source_product,urn:nasa:pds:lro-l-lroc-2-edr:lrolrc_0016_data:nac.m1127059004le::2.0
data_to_raw_source_product,urn:nasa:pds:lro-l-lroc-2-edr:lrolrc_0016_data:nac.m1127059004re::2.0
data_to_raw_source_product,urn:nasa:pds:lro-l-lroc-2-edr:lrolrc_0016_data:nac.m1127073225le::2.0
data_to_raw_source_product,urn:nasa:pds:lro-l-lroc-2-edr:lrolrc_0016_data:nac.m1127073225re::2.0
data_to_raw_source_product,urn:nasa:pds:lro-l-lroc-2-edr:lrolrc_0016_data:nac.m1127884127re::2.0
data_to_raw_source_product,urn:nasa:pds:lro-l-lroc-2-edr:lrolrc_0016_data:nac.m1127898352re::2.0
data_to_raw_source_product,urn:nasa:pds:lro-l-lroc-2-edr:lrolrc_0016_data:nac.m1127898352le::2.0
data_to_raw_source_product,urn:nasa:pds:lro-l-lroc-2-edr:lrolrc_0016_data:nac.m1129398695le::2.0
data_to_raw_source_product,urn:nasa:pds:lro-l-lroc-2-edr:lrolrc_0016_data:nac.m1130245128le::2.0
data_to_raw_source_product,urn:nasa:pds:lro-l-lroc-2-edr:lrolrc_0016_data:nac.m1131781021le::2.0
data_to_raw_source_product,urn:nasa:pds:lro-l-lroc-2-edr:lrolrc_0016_data:nac.m1131781021re::2.0
data_to_raw_source_product,urn:nasa:pds:lro-l-lroc-2-edr:lrolrc_0016_data:nac.m1132591453le::2.0
data_to_raw_source_product,urn:nasa:pds:lro-l-lroc-2-edr:lrolrc_0016_data:nac.m1132591453re::2.0
data_to_raw_source_product,urn:nasa:pds:lro-l-lroc-2-edr:lrolrc_0016_data:nac.m1132598556le::2.0
data_to_raw_source_product,urn:nasa:pds:lro-l-lroc-2-edr:lrolrc_0016_data:nac.m1132605665re::2.0
data_to_raw_source_product,urn:nasa:pds:lro-l-lroc-2-edr:lrolrc_0016_data:nac.m1132612774le::2.0
data_to_raw_source_product,urn:nasa:pds:lro-l-lroc-2-edr:lrolrc_0016_data:nac.m1132619883re::2.0
data_to_raw_source_product,urn:nasa:pds:lro-l-lroc-2-edr:lrolrc_0016_data:nac.m1132619883le::2.0
data_to_raw_source_product,urn:nasa:pds:lro-l-lroc-2-edr:lrolrc_0016_data:nac.m1132626971le::2.0
data_to_raw_source_product,urn:nasa:pds:lro-l-lroc-2-edr:lrolrc_0016_data:nac.m1132626971re::2.0
data_to_raw_source_product,urn:nasa:pds:lro-l-lroc-2-edr:lrolrc_0016_data:nac.m1132634107le::2.0
data_to_raw_source_product,urn:nasa:pds:lro-l-lroc-2-edr:lrolrc_0017_data:nac.m1134112268le::2.0
data_to_raw_source_product,urn:nasa:pds:lro-l-lroc-2-edr:lrolrc_0017_data:nac.m1134112268re::2.0
data_to_raw_source_product,urn:nasa:pds:lro-l-lroc-2-edr:lrolrc_0017_data:nac.m1134119406re::2.0
data_to_raw_source_product,urn:nasa:pds:lro-l-lroc-2-edr:lrolrc_0017_data:nac.m1134126479re::2.0
data_to_raw_source_product,urn:nasa:pds:lro-l-lroc-2-edr:lrolrc_0017_data:nac.m1134126479le::2.0
data_to_raw_source_product,urn:nasa:pds:lro-l-lroc-2-edr:lrolrc_0017_data:nac.m1134133622re::2.0
data_to_raw_source_product,urn:nasa:pds:lro-l-lroc-2-edr:lrolrc_0017_data:nac.m1134133622le::2.0
data_to_raw_source_product,urn:nasa:pds:lro-l-lroc-2-edr:lrolrc_0017_data:nac.m1134140690re::2.0
data_to_raw_source_product,urn:nasa:pds:lro-l-lroc-2-edr:lrolrc_0017_data:nac.m1134140690le::2.0
data_to_raw_source_product,urn:nasa:pds:lro-l-lroc-2-edr:lrolrc_0017_data:nac.m1134147838le::2.0
data_to_raw_source_product,urn:nasa:pds:lro-l-lroc-2-edr:lrolrc_0017_data:nac.m1134147838re::2.0
data_to_raw_source_product,urn:nasa:pds:lro-l-lroc-2-edr:lrolrc_0017_data:nac.m1134154904le::2.0
data_to_raw_source_product,urn:nasa:pds:lro-l-lroc-2-edr:lrolrc_0017_data:nac.m1134154904re::2.0
data_to_raw_source_product,urn:nasa:pds:lro-l-lroc-2-edr:lrolrc_0017_data:nac.m1136479248le::2.0
data_to_raw_source_product,urn:nasa:pds:lro-l-lroc-2-edr:lrolrc_0017_data:nac.m1136479248re::2.0
data_to_raw_source_product,urn:nasa:pds:lro-l-lroc-2-edr:lrolrc_0017_data:nac.m1136493468le::2.0
data_to_raw_source_product,urn:nasa:pds:lro-l-lroc-2-edr:lrolrc_0017_data:nac.m1137311397re::2.0
data_to_raw_source_product,urn:nasa:pds:lro-l-lroc-2-edr:lrolrc_0017_data:nac.m1138832895re::2.0
data_to_raw_source_product,urn:nasa:pds:lro-l-lroc-2-edr:lrolrc_0017_data:nac.m1138847117le::2.0
data_to_raw_source_product,urn:nasa:pds:lro-l-lroc-2-edr:lrolrc_0017_data:nac.m1138847117re::2.0
data_to_raw_source_product,urn:nasa:pds:lro-l-lroc-2-edr:lrolrc_0017_data:nac.m1138875547le::2.0
data_to_raw_source_product,urn:nasa:pds:lro-l-lroc-2-edr:lrolrc_0017_data:nac.m1139650769le::2.0
data_to_raw_source_product,urn:nasa:pds:lro-l-lroc-2-edr:lrolrc_0017_data:nac.m1139686317re::2.0
data_to_raw_source_product,urn:nasa:pds:lro-l-lroc-2-edr:lrolrc_0018_data:nac.m1144365001le::2.0
data_to_raw_source_product,urn:nasa:pds:lro-l-lroc-2-edr:lrolrc_0018_data:nac.m1144365001re::2.0
data_to_raw_source_product,urn:nasa:pds:lro-l-lroc-2-edr:lrolrc_0018_data:nac.m1144372109re::2.0
data_to_raw_source_product,urn:nasa:pds:lro-l-lroc-2-edr:lrolrc_0018_data:nac.m1145922019re::2.0
data_to_raw_source_product,urn:nasa:pds:lro-l-lroc-2-edr:lrolrc_0018_data:nac.m1146690090le::2.0
data_to_raw_source_product,urn:nasa:pds:lro-l-lroc-2-edr:lrolrc_0018_data:nac.m1146704315re::2.0
data_to_raw_source_product,urn:nasa:pds:lro-l-lroc-2-edr:lrolrc_0018_data:nac.m1146711454re::2.0
data_to_raw_source_product,urn:nasa:pds:lro-l-lroc-2-edr:lrolrc_0018_data:nac.m1146718551le::2.0
data_to_raw_source_product,urn:nasa:pds:lro-l-lroc-2-edr:lrolrc_0018_data:nac.m1146718551re::2.0
data_to_raw_source_product,urn:nasa:pds:lro-l-lroc-2-edr:lrolrc_0018_data:nac.m1149059531re::2.0
data_to_raw_source_product,urn:nasa:pds:lro-l-lroc-2-edr:lrolrc_0018_data:nac.m1149059531le::2.0
data_to_raw_source_product,urn:nasa:pds:lro-l-lroc-2-edr:lrolrc_0018_data:nac.m1149066628le::2.0
data_to_raw_source_product,urn:nasa:pds:lro-l-lroc-2-edr:lrolrc_0018_data:nac.m1149080867re::2.0
data_to_raw_source_product,urn:nasa:pds:lro-l-lroc-2-edr:lrolrc_0018_data:nac.m1149087999le::2.0
data_to_raw_source_product,urn:nasa:pds:lro-l-lroc-2-edr:lrolrc_0018_data:nac.m1149095106re::2.0
data_to_raw_source_product,urn:nasa:pds:lro-l-lroc-2-edr:lrolrc_0019_data:nac.m1155366373le::2.0
data_to_raw_source_product,urn:nasa:pds:lro-l-lroc-2-edr:lrolrc_0019_data:nac.m1155366373re::2.0
data_to_raw_source_product,urn:nasa:pds:lro-l-lroc-2-edr:lrolrc_0019_data:nac.m1155380601re::2.0
data_to_raw_source_product,urn:nasa:pds:lro-l-lroc-2-edr:lrolrc_0019_data:nac.m1155380601le::2.0
data_to_raw_source_product,urn:nasa:pds:lro-l-lroc-2-edr:lrolrc_0019_data:nac.m1156085506re::2.0
data_to_raw_source_product,urn:nasa:pds:lro-l-lroc-2-edr:lrolrc_0019_data:nac.m1156099752le::2.0
data_to_raw_source_product,urn:nasa:pds:lro-l-lroc-2-edr:lrolrc_0019_data:nac.m1156099752re::2.0
data_to_raw_source_product,urn:nasa:pds:lro-l-lroc-2-edr:lrolrc_0019_data:nac.m1156113997le::2.0
data_to_raw_source_product,urn:nasa:pds:lro-l-lroc-2-edr:lrolrc_0019_data:nac.m1156113997re::2.0
data_to_raw_source_product,urn:nasa:pds:lro-l-lroc-2-edr:lrolrc_0019_data:nac.m1156128241le::2.0
data_to_raw_source_product,urn:nasa:pds:lro-l-lroc-2-edr:lrolrc_0020_data:nac.m1157701256le::2.0
data_to_raw_source_product,urn:nasa:pds:lro-l-lroc-2-edr:lrolrc_0020_data:nac.m1157708411re::2.0
data_to_raw_source_product,urn:nasa:pds:lro-l-lroc-2-edr:lrolrc_0020_data:nac.m1157708411le::2.0
data_to_raw_source_product,urn:nasa:pds:lro-l-lroc-2-edr:lrolrc_0020_data:nac.m1157715494re::2.0
data_to_raw_source_product,urn:nasa:pds:lro-l-lroc-2-edr:lrolrc_0020_data:nac.m1157715494le::2.0
data_to_raw_source_product,urn:nasa:pds:lro-l-lroc-2-edr:lrolrc_0020_data:nac.m1157722648re::2.0
data_to_raw_source_product,urn:nasa:pds:lro-l-lroc-2-edr:lrolrc_0020_data:nac.m1157729732le::2.0
data_to_raw_source_product,urn:nasa:pds:lro-l-lroc-2-edr:lrolrc_0020_data:nac.m1157729732re::2.0
data_to_raw_source_product,urn:nasa:pds:lro-l-lroc-2-edr:lrolrc_0020_data:nac.m1160064736le::2.0
data_to_raw_source_product,urn:nasa:pds:lro-l-lroc-2-edr:lrolrc_0020_data:nac.m1160064736re::2.0
data_to_raw_source_product,urn:nasa:pds:lro-l-lroc-2-edr:lrolrc_0020_data:nac.m1160086083re::2.0
data_to_raw_source_product,urn:nasa:pds:lro-l-lroc-2-edr:lrolrc_0020_data:nac.m1160791027re::2.0
data_to_raw_source_product,urn:nasa:pds:lro-l-lroc-2-edr:lrolrc_0020_data:nac.m1160805263le::2.0
data_to_raw_source_product,urn:nasa:pds:lro-l-lroc-2-edr:lrolrc_0020_data:nac.m1160819505re::2.0
data_to_raw_source_product,urn:nasa:pds:lro-l-lroc-2-edr:lrolrc_0020_data:nac.m1160833747le::2.0
data_to_raw_source_product,urn:nasa:pds:lro-l-lroc-2-edr:lrolrc_0020_data:nac.m1160847988le::2.0
data_to_raw_source_product,urn:nasa:pds:lro-l-lroc-2-edr:lrolrc_0020_data:nac.m1164776359re::2.0
data_to_raw_source_product,urn:nasa:pds:lro-l-lroc-2-edr:lrolrc_0020_data:nac.m1164783437le::2.0
data_to_raw_source_product,urn:nasa:pds:lro-l-lroc-2-edr:lrolrc_0020_data:nac.m1164783437re::2.0
data_to_raw_source_product,urn:nasa:pds:lro-l-lroc-2-edr:lrolrc_0020_data:nac.m1164790590le::2.0
data_to_raw_source_product,urn:nasa:pds:lro-l-lroc-2-edr:lrolrc_0020_data:nac.m1164790590re::2.0
data_to_raw_source_product,urn:nasa:pds:lro-l-lroc-2-edr:lrolrc_0020_data:nac.m1164797684re::2.0
data_to_raw_source_product,urn:nasa:pds:lro-l-lroc-2-edr:lrolrc_0020_data:nac.m1164797684le::2.0
data_to_raw_source_product,urn:nasa:pds:lro-l-lroc-2-edr:lrolrc_0020_data:nac.m1164804823le::2.0
data_to_raw_source_product,urn:nasa:pds:lro-l-lroc-2-edr:lrolrc_0020_data:nac.m1164804823re::2.0
data_to_raw_source_product,urn:nasa:pds:lro-l-lroc-2-edr:lrolrc_0020_data:nac.m1164811928re::2.0
data_to_raw_source_product,urn:nasa:pds:lro-l-lroc-2-edr:lrolrc_0020_data:nac.m1164819016le::2.0
data_to_raw_source_product,urn:nasa:pds:lro-l-lroc-2-edr:lrolrc_0021_data:nac.m1167136666re::2.0
data_to_raw_source_product,urn:nasa:pds:lro-l-lroc-2-edr:lrolrc_0021_data:nac.m1167150889re::2.0
data_to_raw_source_product,urn:nasa:pds:lro-l-lroc-2-edr:lrolrc_0021_data:nac.m1167150889le::2.0
data_to_raw_source_product,urn:nasa:pds:lro-l-lroc-2-edr:lrolrc_0021_data:nac.m1167883066re::2.0
data_to_raw_source_product,urn:nasa:pds:lro-l-lroc-2-edr:lrolrc_0021_data:nac.m1167883066le::2.0
data_to_raw_source_product,urn:nasa:pds:lro-l-lroc-2-edr:lrolrc_0021_data:nac.m1169481947re::2.0
data_to_raw_source_product,urn:nasa:pds:lro-l-lroc-2-edr:lrolrc_0021_data:nac.m1169489046le::2.0
data_to_raw_source_product,urn:nasa:pds:lro-l-lroc-2-edr:lrolrc_0021_data:nac.m1169489046re::2.0
data_to_raw_source_product,urn:nasa:pds:lro-l-lroc-2-edr:lrolrc_0021_data:nac.m1169496158le::2.0
data_to_raw_source_product,urn:nasa:pds:lro-l-lroc-2-edr:lrolrc_0021_data:nac.m1169496158re::2.0
data_to_raw_source_product,urn:nasa:pds:lro-l-lroc-2-edr:lrolrc_0021_data:nac.m1169503267re::2.0
data_to_raw_source_product,urn:nasa:pds:lro-l-lroc-2-edr:lrolrc_0021_data:nac.m1172559348le::2.0
data_to_raw_source_product,urn:nasa:pds:lro-l-lroc-2-edr:lrolrc_0023_data:nac.m1184311171re::2.0
data_to_raw_source_product,urn:nasa:pds:lro-l-lroc-2-edr:lrolrc_0023_data:nac.m1184311171le::2.0
data_to_raw_source_product,urn:nasa:pds:lro-l-lroc-2-edr:lrolrc_0023_data:nac.m1185994931le::2.0
data_to_raw_source_product,urn:nasa:pds:lro-l-lroc-2-edr:lrolrc_0023_data:nac.m1185994931re::2.0
data_to_raw_source_product,urn:nasa:pds:lro-l-lroc-2-edr:lrolrc_0023_data:nac.m1186001961le::2.0
data_to_raw_source_product,urn:nasa:pds:lro-l-lroc-2-edr:lrolrc_0023_data:nac.m1186001961re::2.0
data_to_raw_source_product,urn:nasa:pds:lro-l-lroc-2-edr:lrolrc_0023_data:nac.m1186030056re::2.0
data_to_raw_source_product,urn:nasa:pds:lro-l-lroc-2-edr:lrolrc_0023_data:nac.m1186648688re::2.0
data_to_raw_source_product,urn:nasa:pds:lro-l-lroc-2-edr:lrolrc_0023_data:nac.m1186648688le::2.0
data_to_raw_source_product,urn:nasa:pds:lro-l-lroc-2-edr:lrolrc_0023_data:nac.m1186662734re::2.0
data_to_raw_source_product,urn:nasa:pds:lro-l-lroc-2-edr:lrolrc_0023_data:nac.m1186669763re::2.0
data_to_raw_source_product,urn:nasa:pds:lro-l-lroc-2-edr:lrolrc_0023_data:nac.m1186669763le::2.0
data_to_raw_source_product,urn:nasa:pds:lro-l-lroc-2-edr:lrolrc_0023_data:nac.m1188363389re::2.0
data_to_raw_source_product,urn:nasa:pds:lro-l-lroc-2-edr:lrolrc_0023_data:nac.m1188996034re::2.0
data_to_raw_source_product,urn:nasa:pds:lro-l-lroc-2-edr:lrolrc_0023_data:nac.m1189003064le::2.0
data_to_raw_source_product,urn:nasa:pds:lro-l-lroc-2-edr:lrolrc_0023_data:nac.m1189010095re::2.0
data_to_raw_source_product,urn:nasa:pds:lro-l-lroc-2-edr:lrolrc_0024_data:nac.m1190724822re::2.0
data_to_raw_source_product,urn:nasa:pds:lro-l-lroc-2-edr:lrolrc_0024_data:nac.m1191378533le::2.0
data_to_raw_source_product,urn:nasa:pds:lro-l-lroc-2-edr:lrolrc_0024_data:nac.m1195454648le::2.0
data_to_raw_source_product,urn:nasa:pds:lro-l-lroc-2-edr:lrolrc_0025_data:nac.m1198408205le::2.0
data_to_raw_source_product,urn:nasa:pds:lro-l-lroc-2-edr:lrolrc_0025_data:nac.m1198422276le::2.0
data_to_raw_source_product,urn:nasa:pds:lro-l-lroc-2-edr:lrolrc_0025_data:nac.m1198422276re::2.0
data_to_raw_source_product,urn:nasa:pds:lro-l-lroc-2-edr:lrolrc_0025_data:nac.m1198429319re::2.0
data_to_raw_source_product,urn:nasa:pds:lro-l-lroc-2-edr:lrolrc_0025_data:nac.m1198429319le::2.0
data_to_raw_source_product,urn:nasa:pds:lro-l-lroc-2-edr:lrolrc_0025_data:nac.m1198436358le::2.0
data_to_raw_source_product,urn:nasa:pds:lro-l-lroc-2-edr:lrolrc_0025_data:nac.m1198450421re::2.0
data_to_raw_source_product,urn:nasa:pds:lro-l-lroc-2-edr:lrolrc_0025_data:nac.m1198450421le::2.0
data_to_raw_source_product,urn:nasa:pds:lro-l-lroc-2-edr:lrolrc_0025_data:nac.m1198471530re::2.0
data_to_raw_source_product,urn:nasa:pds:lro-l-lroc-2-edr:lrolrc_0025_data:nac.m1203176508re::2.0
data_to_raw_source_product,urn:nasa:pds:lro-l-lroc-2-edr:lrolrc_0026_data:nac.m1209562056le::2.0
data_to_raw_source_product,urn:nasa:pds:lro-l-lroc-2-edr:lrolrc_0026_data:nac.m1209562056re::2.0
data_to_raw_source_product,urn:nasa:pds:lro-l-lroc-2-edr:lrolrc_0026_data:nac.m1209569089le::2.0
data_to_raw_source_product,urn:nasa:pds:lro-l-lroc-2-edr:lrolrc_0026_data:nac.m1209569089re::2.0
data_to_raw_source_product,urn:nasa:pds:lro-l-lroc-2-edr:lrolrc_0026_data:nac.m1209576123re::2.0
data_to_raw_source_product,urn:nasa:pds:lro-l-lroc-2-edr:lrolrc_0026_data:nac.m1212501938re::2.0
data_to_raw_source_product,urn:nasa:pds:lro-l-lroc-2-edr:lrolrc_0026_data:nac.m1212508972le::2.0
data_to_raw_source_product,urn:nasa:pds:lro-l-lroc-2-edr:lrolrc_0026_data:nac.m1212508972re::2.0
data_to_raw_source_product,urn:nasa:pds:lro-l-lroc-2-edr:lrolrc_0026_data:nac.m1212516007re::2.0
data_to_raw_source_product,urn:nasa:pds:lro-l-lroc-2-edr:lrolrc_0026_data:nac.m1212516007le::2.0
data_to_raw_source_product,urn:nasa:pds:lro-l-lroc-2-edr:lrolrc_0026_data:nac.m1212523042le::2.0
data_to_raw_source_product,urn:nasa:pds:lro-l-lroc-2-edr:lrolrc_0027_data:nac.m1214281147re::2.0
data_to_raw_source_product,urn:nasa:pds:lro-l-lroc-2-edr:lrolrc_0027_data:nac.m1214281147le::2.0
data_to_raw_source_product,urn:nasa:pds:lro-l-lroc-2-edr:lrolrc_0027_data:nac.m1214288179le::2.0
data_to_raw_source_product,urn:nasa:pds:lro-l-lroc-2-edr:lrolrc_0027_data:nac.m1214295212le::2.0
data_to_raw_source_product,urn:nasa:pds:lro-l-lroc-2-edr:lrolrc_0027_data:nac.m1214295212re::2.0
data_to_raw_source_product,urn:nasa:pds:lro-l-lroc-2-edr:lrolrc_0027_data:nac.m1214302245le::2.0
data_to_raw_source_product,urn:nasa:pds:lro-l-lroc-2-edr:lrolrc_0027_data:nac.m1214302245re::2.0
data_to_raw_source_product,urn:nasa:pds:lro-l-lroc-2-edr:lrolrc_0027_data:nac.m1217200008re::2.0
data_to_raw_source_product,urn:nasa:pds:lro-l-lroc-2-edr:lrolrc_0027_data:nac.m1217207050le::2.0
data_to_raw_source_product,urn:nasa:pds:lro-l-lroc-2-edr:lrolrc_0027_data:nac.m1217207050re::2.0
data_to_raw_source_product,urn:nasa:pds:lro-l-lroc-2-edr:lrolrc_0027_data:nac.m1217221097re::2.0
data_to_raw_source_product,urn:nasa:pds:lro-l-lroc-2-edr:lrolrc_0028_data:nac.m1221335482le::2.0
data_to_raw_source_product,urn:nasa:pds:lro-l-lroc-2-edr:lrolrc_0028_data:nac.m1221335482re::2.0
data_to_raw_source_product,urn:nasa:pds:lro-l-lroc-2-edr:lrolrc_0028_data:nac.m1226026620re::2.0
data_to_raw_source_product,urn:nasa:pds:lro-l-lroc-2-edr:lrolrc_0028_data:nac.m1228389754re::2.0
data_to_raw_source_product,urn:nasa:pds:lro-l-lroc-2-edr:lrolrc_0028_data:nac.m1228431944le::2.0
data_to_raw_source_product,urn:nasa:pds:lro-l-lroc-2-edr:lrolrc_0030_data:nac.m1242539946le::2.0
data_to_raw_source_product,urn:nasa:pds:lro-l-lroc-2-edr:lrolrc_0030_data:nac.m1242539946re::2.0
data_to_raw_source_product,urn:nasa:pds:lro-l-lroc-2-edr:lrolrc_0030_data:nac.m1242546979re::2.0
data_to_raw_source_product,urn:nasa:pds:lro-l-lroc-2-edr:lrolrc_0032_data:nac.m1252470864re::2.0
data_to_raw_source_product,urn:nasa:pds:lro-l-lroc-2-edr:lrolrc_0032_data:nac.m1252470864le::2.0
data_to_raw_source_product,urn:nasa:pds:lro-l-lroc-2-edr:lrolrc_0032_data:nac.m1258997540re::2.0
data_to_raw_source_product,urn:nasa:pds:lro-l-lroc-2-edr:lrolrc_0032_data:nac.m1259004576le::2.0
data_to_raw_source_product,urn:nasa:pds:lro-l-lroc-2-edr:lrolrc_0032_data:nac.m1259004576re::2.0
data_to_raw_source_product,urn:nasa:pds:lro-l-lroc-2-edr:lrolrc_0032_data:nac.m1259011610re::2.0
data_to_raw_source_product,urn:nasa:pds:lro-l-lroc-2-edr:lrolrc_0032_data:nac.m1259011610le::2.0
data_to_raw_source_product,urn:nasa:pds:lro-l-lroc-2-edr:lrolrc_0032_data:nac.m1259018640re::2.0
data_to_raw_source_product,urn:nasa:pds:lro-l-lroc-2-edr:lrolrc_0032_data:nac.m1259046770le::2.0
data_to_raw_source_product,urn:nasa:pds:lro-l-lroc-2-edr:lrolrc_0034_data:nac.m1268442557le::2.0
data_to_raw_source_product,urn:nasa:pds:lro-l-lroc-2-edr:lrolrc_0035_data:nac.m1277862342le::2.0
data_to_raw_source_product,urn:nasa:pds:lro-l-lroc-2-edr:lrolrc_0035_data:nac.m1277869372re::2.0
data_to_raw_source_product,urn:nasa:pds:lro-l-lroc-2-edr:lrolrc_0035_data:nac.m1277869372le::2.0
data_to_raw_source_product,urn:nasa:pds:lro-l-lroc-2-edr:lrolrc_0036a_data:nac.m1284933994le::2.0
data_to_raw_source_product,urn:nasa:pds:lro-l-lroc-2-edr:lrolrc_0036c_data:nac.m1289602326le::2.0
data_to_raw_source_product,urn:nasa:pds:lro-l-lroc-2-edr:lrolrc_0036c_data:nac.m1289602326re::2.0
data_to_raw_source_product,urn:nasa:pds:lro-l-lroc-2-edr:lrolrc_0036c_data:nac.m1289609351le::2.0
data_to_raw_source_product,urn:nasa:pds:lro-l-lroc-2-edr:lrolrc_0036c_data:nac.m1289609351re::2.0
data_to_raw_source_product,urn:nasa:pds:lro-l-lroc-2-edr:lrolrc_0039b_data:nac.m1311129108re::2.0
data_to_raw_source_product,urn:nasa:pds:lro-l-lroc-2-edr:lrolrc_0040a_data:nac.m1315851902re::2.0
data_to_raw_source_product,urn:nasa:pds:lro-l-lroc-2-edr:lrolrc_0040a_data:nac.m1315851902le::2.0
data_to_raw_source_product,urn:nasa:pds:lro-l-lroc-2-edr:lrolrc_0040a_data:nac.m1315893996re::2.0
data_to_raw_source_product,urn:nasa:pds:lro-l-lroc-2-edr:lrolrc_0040a_data:nac.m1315915079re::2.0
data_to_raw_source_product,urn:nasa:pds:lro-l-lroc-2-edr:lrolrc_0040a_data:nac.m1317818890re::2.0
data_to_raw_source_product,urn:nasa:pds:lro-l-lroc-2-edr:lrolrc_0040a_data:nac.m1317832972re::2.0
data_to_raw_source_product,urn:nasa:pds:lro-l-lroc-2-edr:lrolrc_0040a_data:nac.m1317861059le::2.0
data_to_raw_source_product,urn:nasa:pds:lro-l-lroc-2-edr:lrolrc_0040a_data:nac.m1317861059re::2.0
data_to_raw_source_product,urn:nasa:pds:lro-l-lroc-2-edr:lrolrc_0040b_data:nac.m1317875127re::2.0
data_to_raw_source_product,urn:nasa:pds:lro-l-lroc-2-edr:lrolrc_0040b_data:nac.m1320201921re::2.0
data_to_raw_source_product,urn:nasa:pds:lro-l-lroc-2-edr:lrolrc_0042a_data:nac.m1332214910re::2.0
data_to_raw_source_product,urn:nasa:pds:lro-l-lroc-2-edr:lrolrc_0042a_data:nac.m1332264203le::2.0
data_to_raw_source_product,urn:nasa:pds:lro-l-lroc-2-edr:lrolrc_0043a_data:nac.m1339011127re::2.0
data_to_raw_source_product,urn:nasa:pds:lro-l-lroc-2-edr:lrolrc_0043a_data:nac.m1341331935le::2.0
data_to_raw_source_product,urn:nasa:pds:lro-l-lroc-2-edr:lrolrc_0043a_data:nac.m1341353038re::2.0
data_to_raw_source_product,urn:nasa:pds:lro-l-lroc-2-edr:lrolrc_0043a_data:nac.m1341353038le::2.0
data_to_raw_source_product,urn:nasa:pds:lro-l-lroc-2-edr:lrolrc_0043b_data:nac.m1341641403le::2.0
data_to_raw_source_product,urn:nasa:pds:lro-l-lroc-2-edr:lrolrc_0043b_data:nac.m1343742726le::2.0
data_to_raw_source_product,urn:nasa:pds:lro-l-lroc-2-edr:lrolrc_0043b_data:nac.m1343967544le::2.0
data_to_raw_source_product,urn:nasa:pds:lro-l-lroc-2-edr:lrolrc_0043b_data:nac.m1343967544re::2.0
data_to_raw_source_product,urn:nasa:pds:lro-l-lroc-2-edr:lrolrc_0043c_data:nac.m1346039811re::2.0
data_to_raw_source_product,urn:nasa:pds:lro-l-lroc-2-edr:lrolrc_0043c_data:nac.m1346039811le::2.0
data_to_raw_source_product,urn:nasa:pds:lro-l-lroc-2-edr:lrolrc_0044b_data:nac.m1350756197re::2.0
data_to_raw_source_product,urn:nasa:pds:lro-l-lroc-2-edr:lrolrc_0044b_data:nac.m1350770260re::2.0
data_to_raw_source_product,urn:nasa:pds:lro-l-lroc-2-edr:lrolrc_0044b_data:nac.m1350770260le::2.0
data_to_raw_source_product,urn:nasa:pds:lro-l-lroc-2-edr:lrolrc_0044b_data:nac.m1351009320re::2.0
data_to_raw_source_product,urn:nasa:pds:lro-l-lroc-2-edr:lrolrc_0044b_data:nac.m1351009320le::2.0
data_to_raw_source_product,urn:nasa:pds:lro-l-lroc-2-edr:lrolrc_0045c_data:nac.m1360184375le::2.0
data_to_raw_source_product,urn:nasa:pds:lro-l-lroc-2-edr:lrolrc_0045c_data:nac.m1360219590re::2.0
data_to_raw_source_product,urn:nasa:pds:lro-l-lroc-2-edr:lrolrc_0045c_data:nac.m1360219590le::2.0
data_to_raw_source_product,urn:nasa:pds:lro-l-lroc-2-edr:lrolrc_0045c_data:nac.m1360395703le::2.0
data_to_raw_source_product,urn:nasa:pds:lro-l-lroc-2-edr:lrolrc_0046c_data:nac.m1369583513le::2.0
data_to_raw_source_product,urn:nasa:pds:lro-l-lroc-2-edr:lrolrc_0046c_data:nac.m1369597578le::2.0
data_to_raw_source_product,urn:nasa:pds:lro-l-lroc-2-edr:lrolrc_0046c_data:nac.m1369611638re::2.0
data_to_raw_source_product,urn:nasa:pds:lro-l-lroc-2-edr:lrolrc_0046c_data:nac.m1369688944re::2.0
data_to_raw_source_product,urn:nasa:pds:lro-l-lroc-2-edr:lrolrc_0046c_data:nac.m1369688944le::2.0
data_to_raw_source_product,urn:nasa:pds:lro-l-lroc-2-edr:lrolrc_0046c_data:nac.m1369724098le::2.0
data_to_raw_source_product,urn:nasa:pds:lro-l-lroc-2-edr:lrolrc_0047a_data:nac.m1371959000le::2.0
data_to_raw_source_product,urn:nasa:pds:lro-l-lroc-2-edr:lrolrc_0047a_data:nac.m1372078480le::2.0
data_to_raw_source_product,urn:nasa:pds:lro-l-lroc-2-edr:lrolrc_0047a_data:nac.m1372078480re::2.0
data_to_raw_source_product,urn:nasa:pds:lro-l-lroc-2-edr:lrolrc_0047c_data:nac.m1376645488re::2.0
data_to_raw_source_product,urn:nasa:pds:lro-l-lroc-2-edr:lrolrc_0047c_data:nac.m1376645488le::2.0
data_to_raw_source_product,urn:nasa:pds:lro-l-lroc-2-edr:lrolrc_0048a_data:nac.m1378896510re::2.0
data_to_raw_source_product,urn:nasa:pds:lro-l-lroc-2-edr:lrolrc_0048a_data:nac.m1378896510le::2.0
data_to_raw_source_product,urn:nasa:pds:lro-l-lroc-2-edr:lrolrc_0048a_data:nac.m1379086457le::2.0
data_to_raw_source_product,urn:nasa:pds:lro-l-lroc-2-edr:lrolrc_0048a_data:nac.m1379107559le::2.0
data_to_raw_source_product,urn:nasa:pds:lro-l-lroc-2-edr:lrolrc_0048a_data:nac.m1379107559re::2.0
data_to_raw_source_product,urn:nasa:pds:lro-l-lroc-2-edr:lrolrc_0048a_data:nac.m1379163885re::2.0
data_to_raw_source_product,urn:nasa:pds:lro-l-lroc-2-edr:lrolrc_0048b_data:nac.m1381415613le::2.0
data_to_raw_source_product,urn:nasa:pds:lro-l-lroc-2-edr:lrolrc_0048b_data:nac.m1381767636le::2.0
data_to_raw_source_product,urn:nasa:pds:lro-l-lroc-2-edr:lrolrc_0048b_data:nac.m1381767636re::2.0
