data_to_raw_source_product,urn:nasa:pds:viper_geospatial:lroc_orthoimages:nac.m109000415re-ortho::1.0
data_to_raw_source_product,urn:nasa:pds:viper_geospatial:lroc_orthoimages:nac.m109014017re-ortho::1.0
data_to_raw_source_product,urn:nasa:pds:viper_geospatial:lroc_orthoimages:nac.m111356705re-ortho::1.0
data_to_raw_source_product,urn:nasa:pds:viper_geospatial:lroc_orthoimages:nac.m111363476le-ortho::1.0
data_to_raw_source_product,urn:nasa:pds:viper_geospatial:lroc_orthoimages:nac.m111363476re-ortho::1.0
data_to_raw_source_product,urn:nasa:pds:viper_geospatial:lroc_orthoimages:nac.m111383847le-ortho::1.0
data_to_raw_source_product,urn:nasa:pds:viper_geospatial:lroc_orthoimages:nac.m113726517re-ortho::1.0
data_to_raw_source_product,urn:nasa:pds:viper_geospatial:lroc_orthoimages:nac.m113726517le-ortho::1.0
data_to_raw_source_product,urn:nasa:pds:viper_geospatial:lroc_orthoimages:nac.m113733317le-ortho::1.0
data_to_raw_source_product,urn:nasa:pds:viper_geospatial:lroc_orthoimages:nac.m116094857le-ortho::1.0
data_to_raw_source_product,urn:nasa:pds:viper_geospatial:lroc_orthoimages:nac.m117309640le-ortho::1.0
data_to_raw_source_product,urn:nasa:pds:viper_geospatial:lroc_orthoimages:nac.m117323210le-ortho::1.0
data_to_raw_source_product,urn:nasa:pds:viper_geospatial:lroc_orthoimages:nac.m117323210re-ortho::1.0
data_to_raw_source_product,urn:nasa:pds:viper_geospatial:lroc_orthoimages:nac.m117336778le-ortho::1.0
data_to_raw_source_product,urn:nasa:pds:viper_geospatial:lroc_orthoimages:nac.m117336778re-ortho::1.0
data_to_raw_source_product,urn:nasa:pds:viper_geospatial:lroc_orthoimages:nac.m117350346le-ortho::1.0
data_to_raw_source_product,urn:nasa:pds:viper_geospatial:lroc_orthoimages:nac.m117350346re-ortho::1.0
data_to_raw_source_product,urn:nasa:pds:viper_geospatial:lroc_orthoimages:nac.m119664413le-ortho::1.0
data_to_raw_source_product,urn:nasa:pds:viper_geospatial:lroc_orthoimages:nac.m122019114re-ortho::1.0
data_to_raw_source_product,urn:nasa:pds:viper_geospatial:lroc_orthoimages:nac.m122019114le-ortho::1.0
data_to_raw_source_product,urn:nasa:pds:viper_geospatial:lroc_orthoimages:nac.m122025935re-ortho::1.0
data_to_raw_source_product,urn:nasa:pds:viper_geospatial:lroc_orthoimages:nac.m122025935le-ortho::1.0
data_to_raw_source_product,urn:nasa:pds:viper_geospatial:lroc_orthoimages:nac.m122039469le-ortho::1.0
data_to_raw_source_product,urn:nasa:pds:viper_geospatial:lroc_orthoimages:nac.m122039469re-ortho::1.0
data_to_raw_source_product,urn:nasa:pds:viper_geospatial:lroc_orthoimages:nac.m122046291re-ortho::1.0
data_to_raw_source_product,urn:nasa:pds:viper_geospatial:lroc_orthoimages:nac.m122046291le-ortho::1.0
data_to_raw_source_product,urn:nasa:pds:viper_geospatial:lroc_orthoimages:nac.m124360457le-ortho::1.0
data_to_raw_source_product,urn:nasa:pds:viper_geospatial:lroc_orthoimages:nac.m124367215le-ortho::1.0
data_to_raw_source_product,urn:nasa:pds:viper_geospatial:lroc_orthoimages:nac.m124401181re-ortho::1.0
data_to_raw_source_product,urn:nasa:pds:viper_geospatial:lroc_orthoimages:nac.m124407961re-ortho::1.0
data_to_raw_source_product,urn:nasa:pds:viper_geospatial:lroc_orthoimages:nac.m124414724re-ortho::1.0
data_to_raw_source_product,urn:nasa:pds:viper_geospatial:lroc_orthoimages:nac.m124414724le-ortho::1.0
data_to_raw_source_product,urn:nasa:pds:viper_geospatial:lroc_orthoimages:nac.m124428335re-ortho::1.0
data_to_raw_source_product,urn:nasa:pds:viper_geospatial:lroc_orthoimages:nac.m126722669re-ortho::1.0
data_to_raw_source_product,urn:nasa:pds:viper_geospatial:lroc_orthoimages:nac.m126749770re-ortho::1.0
data_to_raw_source_product,urn:nasa:pds:viper_geospatial:lroc_orthoimages:nac.m126749770le-ortho::1.0
data_to_raw_source_product,urn:nasa:pds:viper_geospatial:lroc_orthoimages:nac.m126756593re-ortho::1.0
data_to_raw_source_product,urn:nasa:pds:viper_geospatial:lroc_orthoimages:nac.m126770117le-ortho::1.0
data_to_raw_source_product,urn:nasa:pds:viper_geospatial:lroc_orthoimages:nac.m126770117re-ortho::1.0
data_to_raw_source_product,urn:nasa:pds:viper_geospatial:lroc_orthoimages:nac.m126776938re-ortho::1.0
data_to_raw_source_product,urn:nasa:pds:viper_geospatial:lroc_orthoimages:nac.m134980177le-ortho::1.0
data_to_raw_source_product,urn:nasa:pds:viper_geospatial:lroc_orthoimages:nac.m134980177re-ortho::1.0
data_to_raw_source_product,urn:nasa:pds:viper_geospatial:lroc_orthoimages:nac.m135000533re-ortho::1.0
data_to_raw_source_product,urn:nasa:pds:viper_geospatial:lroc_orthoimages:nac.m137348227le-ortho::1.0
data_to_raw_source_product,urn:nasa:pds:viper_geospatial:lroc_orthoimages:nac.m137348227re-ortho::1.0
data_to_raw_source_product,urn:nasa:pds:viper_geospatial:lroc_orthoimages:nac.m139702483le-ortho::1.0
data_to_raw_source_product,urn:nasa:pds:viper_geospatial:lroc_orthoimages:nac.m143196860le-ortho::1.0
data_to_raw_source_product,urn:nasa:pds:viper_geospatial:lroc_orthoimages:nac.m143196860re-ortho::1.0
data_to_raw_source_product,urn:nasa:pds:viper_geospatial:lroc_orthoimages:nac.m143217208re-ortho::1.0
data_to_raw_source_product,urn:nasa:pds:viper_geospatial:lroc_orthoimages:nac.m143217208le-ortho::1.0
data_to_raw_source_product,urn:nasa:pds:viper_geospatial:lroc_orthoimages:nac.m143230774re-ortho::1.0
data_to_raw_source_product,urn:nasa:pds:viper_geospatial:lroc_orthoimages:nac.m143230774le-ortho::1.0
data_to_raw_source_product,urn:nasa:pds:viper_geospatial:lroc_orthoimages:nac.m143244339le-ortho::1.0
data_to_raw_source_product,urn:nasa:pds:viper_geospatial:lroc_orthoimages:nac.m143244339re-ortho::1.0
data_to_raw_source_product,urn:nasa:pds:viper_geospatial:lroc_orthoimages:nac.m144438243re-ortho::1.0
data_to_raw_source_product,urn:nasa:pds:viper_geospatial:lroc_orthoimages:nac.m144438243le-ortho::1.0
data_to_raw_source_product,urn:nasa:pds:viper_geospatial:lroc_orthoimages:nac.m144451810le-ortho::1.0
data_to_raw_source_product,urn:nasa:pds:viper_geospatial:lroc_orthoimages:nac.m147965612re-ortho::1.0
data_to_raw_source_product,urn:nasa:pds:viper_geospatial:lroc_orthoimages:nac.m157321873le-ortho::1.0
data_to_raw_source_product,urn:nasa:pds:viper_geospatial:lroc_orthoimages:nac.m157321873re-ortho::1.0
data_to_raw_source_product,urn:nasa:pds:viper_geospatial:lroc_orthoimages:nac.m162003819re-ortho::1.0
data_to_raw_source_product,urn:nasa:pds:viper_geospatial:lroc_orthoimages:nac.m162017391le-ortho::1.0
data_to_raw_source_product,urn:nasa:pds:viper_geospatial:lroc_orthoimages:nac.m162030962re-ortho::1.0
data_to_raw_source_product,urn:nasa:pds:viper_geospatial:lroc_orthoimages:nac.m172746425re-ortho::1.0
data_to_raw_source_product,urn:nasa:pds:viper_geospatial:lroc_orthoimages:nac.m172753210le-ortho::1.0
data_to_raw_source_product,urn:nasa:pds:viper_geospatial:lroc_orthoimages:nac.m172759995re-ortho::1.0
data_to_raw_source_product,urn:nasa:pds:viper_geospatial:lroc_orthoimages:nac.m172766779re-ortho::1.0
data_to_raw_source_product,urn:nasa:pds:viper_geospatial:lroc_orthoimages:nac.m175113007le-ortho::1.0
data_to_raw_source_product,urn:nasa:pds:viper_geospatial:lroc_orthoimages:nac.m175113007re-ortho::1.0
data_to_raw_source_product,urn:nasa:pds:viper_geospatial:lroc_orthoimages:nac.m175126500re-ortho::1.0
data_to_raw_source_product,urn:nasa:pds:viper_geospatial:lroc_orthoimages:nac.m175126500le-ortho::1.0
data_to_raw_source_product,urn:nasa:pds:viper_geospatial:lroc_orthoimages:nac.m176138791re-ortho::1.0
data_to_raw_source_product,urn:nasa:pds:viper_geospatial:lroc_orthoimages:nac.m176138791le-ortho::1.0
data_to_raw_source_product,urn:nasa:pds:viper_geospatial:lroc_orthoimages:nac.m176145539re-ortho::1.0
data_to_raw_source_product,urn:nasa:pds:viper_geospatial:lroc_orthoimages:nac.m177476016le-ortho::1.0
data_to_raw_source_product,urn:nasa:pds:viper_geospatial:lroc_orthoimages:nac.m178483980re-ortho::1.0
data_to_raw_source_product,urn:nasa:pds:viper_geospatial:lroc_orthoimages:nac.m178483980le-ortho::1.0
data_to_raw_source_product,urn:nasa:pds:viper_geospatial:lroc_orthoimages:nac.m178491128re-ortho::1.0
data_to_raw_source_product,urn:nasa:pds:viper_geospatial:lroc_orthoimages:nac.m178512576le-ortho::1.0
data_to_raw_source_product,urn:nasa:pds:viper_geospatial:lroc_orthoimages:nac.m178519724le-ortho::1.0
data_to_raw_source_product,urn:nasa:pds:viper_geospatial:lroc_orthoimages:nac.m178526872re-ortho::1.0
data_to_raw_source_product,urn:nasa:pds:viper_geospatial:lroc_orthoimages:nac.m180842868re-ortho::1.0
data_to_raw_source_product,urn:nasa:pds:viper_geospatial:lroc_orthoimages:nac.m180850016le-ortho::1.0
data_to_raw_source_product,urn:nasa:pds:viper_geospatial:lroc_orthoimages:nac.m180871460re-ortho::1.0
data_to_raw_source_product,urn:nasa:pds:viper_geospatial:lroc_orthoimages:nac.m180871460le-ortho::1.0
data_to_raw_source_product,urn:nasa:pds:viper_geospatial:lroc_orthoimages:nac.m180878607re-ortho::1.0
data_to_raw_source_product,urn:nasa:pds:viper_geospatial:lroc_orthoimages:nac.m183187416le-ortho::1.0
data_to_raw_source_product,urn:nasa:pds:viper_geospatial:lroc_orthoimages:nac.m183201715le-ortho::1.0
data_to_raw_source_product,urn:nasa:pds:viper_geospatial:lroc_orthoimages:nac.m183216017le-ortho::1.0
data_to_raw_source_product,urn:nasa:pds:viper_geospatial:lroc_orthoimages:nac.m183216017re-ortho::1.0
data_to_raw_source_product,urn:nasa:pds:viper_geospatial:lroc_orthoimages:nac.m183223157le-ortho::1.0
data_to_raw_source_product,urn:nasa:pds:viper_geospatial:lroc_orthoimages:nac.m183223157re-ortho::1.0
data_to_raw_source_product,urn:nasa:pds:viper_geospatial:lroc_orthoimages:nac.m183230318le-ortho::1.0
data_to_raw_source_product,urn:nasa:pds:viper_geospatial:lroc_orthoimages:nac.m183230318re-ortho::1.0
data_to_raw_source_product,urn:nasa:pds:viper_geospatial:lroc_orthoimages:nac.m185539121le-ortho::1.0
data_to_raw_source_product,urn:nasa:pds:viper_geospatial:lroc_orthoimages:nac.m185539121re-ortho::1.0
data_to_raw_source_product,urn:nasa:pds:viper_geospatial:lroc_orthoimages:nac.m185546298re-ortho::1.0
data_to_raw_source_product,urn:nasa:pds:viper_geospatial:lroc_orthoimages:nac.m185574903re-ortho::1.0
data_to_raw_source_product,urn:nasa:pds:viper_geospatial:lroc_orthoimages:nac.m185582019re-ortho::1.0
data_to_raw_source_product,urn:nasa:pds:viper_geospatial:lroc_orthoimages:nac.m187890902re-ortho::1.0
data_to_raw_source_product,urn:nasa:pds:viper_geospatial:lroc_orthoimages:nac.m187898029le-ortho::1.0
data_to_raw_source_product,urn:nasa:pds:viper_geospatial:lroc_orthoimages:nac.m187898029re-ortho::1.0
data_to_raw_source_product,urn:nasa:pds:viper_geospatial:lroc_orthoimages:nac.m187919499le-ortho::1.0
data_to_raw_source_product,urn:nasa:pds:viper_geospatial:lroc_orthoimages:nac.m187926625re-ortho::1.0
data_to_raw_source_product,urn:nasa:pds:viper_geospatial:lroc_orthoimages:nac.m187926625le-ortho::1.0
data_to_raw_source_product,urn:nasa:pds:viper_geospatial:lroc_orthoimages:nac.m187933797re-ortho::1.0
data_to_raw_source_product,urn:nasa:pds:viper_geospatial:lroc_orthoimages:nac.m187940923le-ortho::1.0
data_to_raw_source_product,urn:nasa:pds:viper_geospatial:lroc_orthoimages:nac.m190256940le-ortho::1.0
data_to_raw_source_product,urn:nasa:pds:viper_geospatial:lroc_orthoimages:nac.m192594455re-ortho::1.0
data_to_raw_source_product,urn:nasa:pds:viper_geospatial:lroc_orthoimages:nac.m1094945381re-ortho::1.0
data_to_raw_source_product,urn:nasa:pds:viper_geospatial:lroc_orthoimages:nac.m1094952500le-ortho::1.0
data_to_raw_source_product,urn:nasa:pds:viper_geospatial:lroc_orthoimages:nac.m1096367110le-ortho::1.0
data_to_raw_source_product,urn:nasa:pds:viper_geospatial:lroc_orthoimages:nac.m1096374268le-ortho::1.0
data_to_raw_source_product,urn:nasa:pds:viper_geospatial:lroc_orthoimages:nac.m1096381399le-ortho::1.0
data_to_raw_source_product,urn:nasa:pds:viper_geospatial:lroc_orthoimages:nac.m1096395687re-ortho::1.0
data_to_raw_source_product,urn:nasa:pds:viper_geospatial:lroc_orthoimages:nac.m1096395687le-ortho::1.0
data_to_raw_source_product,urn:nasa:pds:viper_geospatial:lroc_orthoimages:nac.m1096402842re-ortho::1.0
data_to_raw_source_product,urn:nasa:pds:viper_geospatial:lroc_orthoimages:nac.m1097303293le-ortho::1.0
data_to_raw_source_product,urn:nasa:pds:viper_geospatial:lroc_orthoimages:nac.m1097303293re-ortho::1.0
data_to_raw_source_product,urn:nasa:pds:viper_geospatial:lroc_orthoimages:nac.m1097310438le-ortho::1.0
data_to_raw_source_product,urn:nasa:pds:viper_geospatial:lroc_orthoimages:nac.m1098753609le-ortho::1.0
data_to_raw_source_product,urn:nasa:pds:viper_geospatial:lroc_orthoimages:nac.m1098753609re-ortho::1.0
data_to_raw_source_product,urn:nasa:pds:viper_geospatial:lroc_orthoimages:nac.m1101075756le-ortho::1.0
data_to_raw_source_product,urn:nasa:pds:viper_geospatial:lroc_orthoimages:nac.m1101075756re-ortho::1.0
data_to_raw_source_product,urn:nasa:pds:viper_geospatial:lroc_orthoimages:nac.m1101097181re-ortho::1.0
data_to_raw_source_product,urn:nasa:pds:viper_geospatial:lroc_orthoimages:nac.m1101118606le-ortho::1.0
data_to_raw_source_product,urn:nasa:pds:viper_geospatial:lroc_orthoimages:nac.m1102018785le-ortho::1.0
data_to_raw_source_product,urn:nasa:pds:viper_geospatial:lroc_orthoimages:nac.m1102018785re-ortho::1.0
data_to_raw_source_product,urn:nasa:pds:viper_geospatial:lroc_orthoimages:nac.m1102025927le-ortho::1.0
data_to_raw_source_product,urn:nasa:pds:viper_geospatial:lroc_orthoimages:nac.m1102047362re-ortho::1.0
data_to_raw_source_product,urn:nasa:pds:viper_geospatial:lroc_orthoimages:nac.m1102047362le-ortho::1.0
data_to_raw_source_product,urn:nasa:pds:viper_geospatial:lroc_orthoimages:nac.m1103475755le-ortho::1.0
data_to_raw_source_product,urn:nasa:pds:viper_geospatial:lroc_orthoimages:nac.m1103475755re-ortho::1.0
data_to_raw_source_product,urn:nasa:pds:viper_geospatial:lroc_orthoimages:nac.m1104361725le-ortho::1.0
data_to_raw_source_product,urn:nasa:pds:viper_geospatial:lroc_orthoimages:nac.m1104376013le-ortho::1.0
data_to_raw_source_product,urn:nasa:pds:viper_geospatial:lroc_orthoimages:nac.m1104390296re-ortho::1.0
data_to_raw_source_product,urn:nasa:pds:viper_geospatial:lroc_orthoimages:nac.m1104390296le-ortho::1.0
data_to_raw_source_product,urn:nasa:pds:viper_geospatial:lroc_orthoimages:nac.m1104404585re-ortho::1.0
data_to_raw_source_product,urn:nasa:pds:viper_geospatial:lroc_orthoimages:nac.m1105804491le-ortho::1.0
data_to_raw_source_product,urn:nasa:pds:viper_geospatial:lroc_orthoimages:nac.m1105804491re-ortho::1.0
data_to_raw_source_product,urn:nasa:pds:viper_geospatial:lroc_orthoimages:nac.m1105818783re-ortho::1.0
data_to_raw_source_product,urn:nasa:pds:viper_geospatial:lroc_orthoimages:nac.m1105818783le-ortho::1.0
data_to_raw_source_product,urn:nasa:pds:viper_geospatial:lroc_orthoimages:nac.m1106726441re-ortho::1.0
data_to_raw_source_product,urn:nasa:pds:viper_geospatial:lroc_orthoimages:nac.m1106726441le-ortho::1.0
data_to_raw_source_product,urn:nasa:pds:viper_geospatial:lroc_orthoimages:nac.m1108162629re-ortho::1.0
data_to_raw_source_product,urn:nasa:pds:viper_geospatial:lroc_orthoimages:nac.m1108184072le-ortho::1.0
data_to_raw_source_product,urn:nasa:pds:viper_geospatial:lroc_orthoimages:nac.m1109084754re-ortho::1.0
data_to_raw_source_product,urn:nasa:pds:viper_geospatial:lroc_orthoimages:nac.m1109084754le-ortho::1.0
data_to_raw_source_product,urn:nasa:pds:viper_geospatial:lroc_orthoimages:nac.m1109113333le-ortho::1.0
data_to_raw_source_product,urn:nasa:pds:viper_geospatial:lroc_orthoimages:nac.m1110525315le-ortho::1.0
data_to_raw_source_product,urn:nasa:pds:viper_geospatial:lroc_orthoimages:nac.m1110525315re-ortho::1.0
data_to_raw_source_product,urn:nasa:pds:viper_geospatial:lroc_orthoimages:nac.m1110532418le-ortho::1.0
data_to_raw_source_product,urn:nasa:pds:viper_geospatial:lroc_orthoimages:nac.m1113771302le-ortho::1.0
data_to_raw_source_product,urn:nasa:pds:viper_geospatial:lroc_orthoimages:nac.m1113778407re-ortho::1.0
data_to_raw_source_product,urn:nasa:pds:viper_geospatial:lroc_orthoimages:nac.m1113785512re-ortho::1.0
data_to_raw_source_product,urn:nasa:pds:viper_geospatial:lroc_orthoimages:nac.m1113785512le-ortho::1.0
data_to_raw_source_product,urn:nasa:pds:viper_geospatial:lroc_orthoimages:nac.m1113792617le-ortho::1.0
data_to_raw_source_product,urn:nasa:pds:viper_geospatial:lroc_orthoimages:nac.m1113799716le-ortho::1.0
data_to_raw_source_product,urn:nasa:pds:viper_geospatial:lroc_orthoimages:nac.m1113806831re-ortho::1.0
data_to_raw_source_product,urn:nasa:pds:viper_geospatial:lroc_orthoimages:nac.m1113806831le-ortho::1.0
data_to_raw_source_product,urn:nasa:pds:viper_geospatial:lroc_orthoimages:nac.m1113828140re-ortho::1.0
data_to_raw_source_product,urn:nasa:pds:viper_geospatial:lroc_orthoimages:nac.m1116129515re-ortho::1.0
data_to_raw_source_product,urn:nasa:pds:viper_geospatial:lroc_orthoimages:nac.m1120845745re-ortho::1.0
data_to_raw_source_product,urn:nasa:pds:viper_geospatial:lroc_orthoimages:nac.m1120852845le-ortho::1.0
data_to_raw_source_product,urn:nasa:pds:viper_geospatial:lroc_orthoimages:nac.m1122315831le-ortho::1.0
data_to_raw_source_product,urn:nasa:pds:viper_geospatial:lroc_orthoimages:nac.m1122322940re-ortho::1.0
data_to_raw_source_product,urn:nasa:pds:viper_geospatial:lroc_orthoimages:nac.m1122330050re-ortho::1.0
data_to_raw_source_product,urn:nasa:pds:viper_geospatial:lroc_orthoimages:nac.m1122330050le-ortho::1.0
data_to_raw_source_product,urn:nasa:pds:viper_geospatial:lroc_orthoimages:nac.m1122337160le-ortho::1.0
data_to_raw_source_product,urn:nasa:pds:viper_geospatial:lroc_orthoimages:nac.m1122337160re-ortho::1.0
data_to_raw_source_product,urn:nasa:pds:viper_geospatial:lroc_orthoimages:nac.m1122344270re-ortho::1.0
data_to_raw_source_product,urn:nasa:pds:viper_geospatial:lroc_orthoimages:nac.m1122344270le-ortho::1.0
data_to_raw_source_product,urn:nasa:pds:viper_geospatial:lroc_orthoimages:nac.m1122358490re-ortho::1.0
data_to_raw_source_product,urn:nasa:pds:viper_geospatial:lroc_orthoimages:nac.m1123183548re-ortho::1.0
data_to_raw_source_product,urn:nasa:pds:viper_geospatial:lroc_orthoimages:nac.m1123190634le-ortho::1.0
data_to_raw_source_product,urn:nasa:pds:viper_geospatial:lroc_orthoimages:nac.m1123190634re-ortho::1.0
data_to_raw_source_product,urn:nasa:pds:viper_geospatial:lroc_orthoimages:nac.m1124676732le-ortho::1.0
data_to_raw_source_product,urn:nasa:pds:viper_geospatial:lroc_orthoimages:nac.m1124690967le-ortho::1.0
data_to_raw_source_product,urn:nasa:pds:viper_geospatial:lroc_orthoimages:nac.m1124698063re-ortho::1.0
data_to_raw_source_product,urn:nasa:pds:viper_geospatial:lroc_orthoimages:nac.m1124719402re-ortho::1.0
data_to_raw_source_product,urn:nasa:pds:viper_geospatial:lroc_orthoimages:nac.m1125537355le-ortho::1.0
data_to_raw_source_product,urn:nasa:pds:viper_geospatial:lroc_orthoimages:nac.m1125544489le-ortho::1.0
data_to_raw_source_product,urn:nasa:pds:viper_geospatial:lroc_orthoimages:nac.m1125544489re-ortho::1.0
data_to_raw_source_product,urn:nasa:pds:viper_geospatial:lroc_orthoimages:nac.m1127059004le-ortho::1.0
data_to_raw_source_product,urn:nasa:pds:viper_geospatial:lroc_orthoimages:nac.m1127059004re-ortho::1.0
data_to_raw_source_product,urn:nasa:pds:viper_geospatial:lroc_orthoimages:nac.m1127073225le-ortho::1.0
data_to_raw_source_product,urn:nasa:pds:viper_geospatial:lroc_orthoimages:nac.m1127073225re-ortho::1.0
data_to_raw_source_product,urn:nasa:pds:viper_geospatial:lroc_orthoimages:nac.m1127884127re-ortho::1.0
data_to_raw_source_product,urn:nasa:pds:viper_geospatial:lroc_orthoimages:nac.m1127898352re-ortho::1.0
data_to_raw_source_product,urn:nasa:pds:viper_geospatial:lroc_orthoimages:nac.m1127898352le-ortho::1.0
data_to_raw_source_product,urn:nasa:pds:viper_geospatial:lroc_orthoimages:nac.m1129398695le-ortho::1.0
data_to_raw_source_product,urn:nasa:pds:viper_geospatial:lroc_orthoimages:nac.m1130245128le-ortho::1.0
data_to_raw_source_product,urn:nasa:pds:viper_geospatial:lroc_orthoimages:nac.m1131781021le-ortho::1.0
data_to_raw_source_product,urn:nasa:pds:viper_geospatial:lroc_orthoimages:nac.m1131781021re-ortho::1.0
data_to_raw_source_product,urn:nasa:pds:viper_geospatial:lroc_orthoimages:nac.m1132591453le-ortho::1.0
data_to_raw_source_product,urn:nasa:pds:viper_geospatial:lroc_orthoimages:nac.m1132591453re-ortho::1.0
data_to_raw_source_product,urn:nasa:pds:viper_geospatial:lroc_orthoimages:nac.m1132598556le-ortho::1.0
data_to_raw_source_product,urn:nasa:pds:viper_geospatial:lroc_orthoimages:nac.m1132605665re-ortho::1.0
data_to_raw_source_product,urn:nasa:pds:viper_geospatial:lroc_orthoimages:nac.m1132612774le-ortho::1.0
data_to_raw_source_product,urn:nasa:pds:viper_geospatial:lroc_orthoimages:nac.m1132619883re-ortho::1.0
data_to_raw_source_product,urn:nasa:pds:viper_geospatial:lroc_orthoimages:nac.m1132619883le-ortho::1.0
data_to_raw_source_product,urn:nasa:pds:viper_geospatial:lroc_orthoimages:nac.m1132626971le-ortho::1.0
data_to_raw_source_product,urn:nasa:pds:viper_geospatial:lroc_orthoimages:nac.m1132626971re-ortho::1.0
data_to_raw_source_product,urn:nasa:pds:viper_geospatial:lroc_orthoimages:nac.m1132634107le-ortho::1.0
data_to_raw_source_product,urn:nasa:pds:viper_geospatial:lroc_orthoimages:nac.m1134112268le-ortho::1.0
data_to_raw_source_product,urn:nasa:pds:viper_geospatial:lroc_orthoimages:nac.m1134112268re-ortho::1.0
data_to_raw_source_product,urn:nasa:pds:viper_geospatial:lroc_orthoimages:nac.m1134119406re-ortho::1.0
data_to_raw_source_product,urn:nasa:pds:viper_geospatial:lroc_orthoimages:nac.m1134126479re-ortho::1.0
data_to_raw_source_product,urn:nasa:pds:viper_geospatial:lroc_orthoimages:nac.m1134126479le-ortho::1.0
data_to_raw_source_product,urn:nasa:pds:viper_geospatial:lroc_orthoimages:nac.m1134133622re-ortho::1.0
data_to_raw_source_product,urn:nasa:pds:viper_geospatial:lroc_orthoimages:nac.m1134133622le-ortho::1.0
data_to_raw_source_product,urn:nasa:pds:viper_geospatial:lroc_orthoimages:nac.m1134140690re-ortho::1.0
data_to_raw_source_product,urn:nasa:pds:viper_geospatial:lroc_orthoimages:nac.m1134140690le-ortho::1.0
data_to_raw_source_product,urn:nasa:pds:viper_geospatial:lroc_orthoimages:nac.m1134147838le-ortho::1.0
data_to_raw_source_product,urn:nasa:pds:viper_geospatial:lroc_orthoimages:nac.m1134147838re-ortho::1.0
data_to_raw_source_product,urn:nasa:pds:viper_geospatial:lroc_orthoimages:nac.m1134154904le-ortho::1.0
data_to_raw_source_product,urn:nasa:pds:viper_geospatial:lroc_orthoimages:nac.m1134154904re-ortho::1.0
data_to_raw_source_product,urn:nasa:pds:viper_geospatial:lroc_orthoimages:nac.m1136479248le-ortho::1.0
data_to_raw_source_product,urn:nasa:pds:viper_geospatial:lroc_orthoimages:nac.m1136479248re-ortho::1.0
data_to_raw_source_product,urn:nasa:pds:viper_geospatial:lroc_orthoimages:nac.m1136493468le-ortho::1.0
data_to_raw_source_product,urn:nasa:pds:viper_geospatial:lroc_orthoimages:nac.m1137311397re-ortho::1.0
data_to_raw_source_product,urn:nasa:pds:viper_geospatial:lroc_orthoimages:nac.m1138832895re-ortho::1.0
data_to_raw_source_product,urn:nasa:pds:viper_geospatial:lroc_orthoimages:nac.m1138847117le-ortho::1.0
data_to_raw_source_product,urn:nasa:pds:viper_geospatial:lroc_orthoimages:nac.m1138847117re-ortho::1.0
data_to_raw_source_product,urn:nasa:pds:viper_geospatial:lroc_orthoimages:nac.m1138875547le-ortho::1.0
data_to_raw_source_product,urn:nasa:pds:viper_geospatial:lroc_orthoimages:nac.m1139650769le-ortho::1.0
data_to_raw_source_product,urn:nasa:pds:viper_geospatial:lroc_orthoimages:nac.m1139686317re-ortho::1.0
data_to_raw_source_product,urn:nasa:pds:viper_geospatial:lroc_orthoimages:nac.m1144365001le-ortho::1.0
data_to_raw_source_product,urn:nasa:pds:viper_geospatial:lroc_orthoimages:nac.m1144365001re-ortho::1.0
data_to_raw_source_product,urn:nasa:pds:viper_geospatial:lroc_orthoimages:nac.m1144372109re-ortho::1.0
data_to_raw_source_product,urn:nasa:pds:viper_geospatial:lroc_orthoimages:nac.m1145922019re-ortho::1.0
data_to_raw_source_product,urn:nasa:pds:viper_geospatial:lroc_orthoimages:nac.m1146690090le-ortho::1.0
data_to_raw_source_product,urn:nasa:pds:viper_geospatial:lroc_orthoimages:nac.m1146704315re-ortho::1.0
data_to_raw_source_product,urn:nasa:pds:viper_geospatial:lroc_orthoimages:nac.m1146711454re-ortho::1.0
data_to_raw_source_product,urn:nasa:pds:viper_geospatial:lroc_orthoimages:nac.m1146718551le-ortho::1.0
data_to_raw_source_product,urn:nasa:pds:viper_geospatial:lroc_orthoimages:nac.m1146718551re-ortho::1.0
data_to_raw_source_product,urn:nasa:pds:viper_geospatial:lroc_orthoimages:nac.m1149059531re-ortho::1.0
data_to_raw_source_product,urn:nasa:pds:viper_geospatial:lroc_orthoimages:nac.m1149059531le-ortho::1.0
data_to_raw_source_product,urn:nasa:pds:viper_geospatial:lroc_orthoimages:nac.m1149066628le-ortho::1.0
data_to_raw_source_product,urn:nasa:pds:viper_geospatial:lroc_orthoimages:nac.m1149080867re-ortho::1.0
data_to_raw_source_product,urn:nasa:pds:viper_geospatial:lroc_orthoimages:nac.m1149087999le-ortho::1.0
data_to_raw_source_product,urn:nasa:pds:viper_geospatial:lroc_orthoimages:nac.m1149095106re-ortho::1.0
data_to_raw_source_product,urn:nasa:pds:viper_geospatial:lroc_orthoimages:nac.m1155366373le-ortho::1.0
data_to_raw_source_product,urn:nasa:pds:viper_geospatial:lroc_orthoimages:nac.m1155366373re-ortho::1.0
data_to_raw_source_product,urn:nasa:pds:viper_geospatial:lroc_orthoimages:nac.m1155380601re-ortho::1.0
data_to_raw_source_product,urn:nasa:pds:viper_geospatial:lroc_orthoimages:nac.m1155380601le-ortho::1.0
data_to_raw_source_product,urn:nasa:pds:viper_geospatial:lroc_orthoimages:nac.m1156085506re-ortho::1.0
data_to_raw_source_product,urn:nasa:pds:viper_geospatial:lroc_orthoimages:nac.m1156099752le-ortho::1.0
data_to_raw_source_product,urn:nasa:pds:viper_geospatial:lroc_orthoimages:nac.m1156099752re-ortho::1.0
data_to_raw_source_product,urn:nasa:pds:viper_geospatial:lroc_orthoimages:nac.m1156113997le-ortho::1.0
data_to_raw_source_product,urn:nasa:pds:viper_geospatial:lroc_orthoimages:nac.m1156113997re-ortho::1.0
data_to_raw_source_product,urn:nasa:pds:viper_geospatial:lroc_orthoimages:nac.m1156128241le-ortho::1.0
data_to_raw_source_product,urn:nasa:pds:viper_geospatial:lroc_orthoimages:nac.m1157701256le-ortho::1.0
data_to_raw_source_product,urn:nasa:pds:viper_geospatial:lroc_orthoimages:nac.m1157708411re-ortho::1.0
data_to_raw_source_product,urn:nasa:pds:viper_geospatial:lroc_orthoimages:nac.m1157708411le-ortho::1.0
data_to_raw_source_product,urn:nasa:pds:viper_geospatial:lroc_orthoimages:nac.m1157715494re-ortho::1.0
data_to_raw_source_product,urn:nasa:pds:viper_geospatial:lroc_orthoimages:nac.m1157715494le-ortho::1.0
data_to_raw_source_product,urn:nasa:pds:viper_geospatial:lroc_orthoimages:nac.m1157722648re-ortho::1.0
data_to_raw_source_product,urn:nasa:pds:viper_geospatial:lroc_orthoimages:nac.m1157729732le-ortho::1.0
data_to_raw_source_product,urn:nasa:pds:viper_geospatial:lroc_orthoimages:nac.m1157729732re-ortho::1.0
data_to_raw_source_product,urn:nasa:pds:viper_geospatial:lroc_orthoimages:nac.m1160064736le-ortho::1.0
data_to_raw_source_product,urn:nasa:pds:viper_geospatial:lroc_orthoimages:nac.m1160064736re-ortho::1.0
data_to_raw_source_product,urn:nasa:pds:viper_geospatial:lroc_orthoimages:nac.m1160086083re-ortho::1.0
data_to_raw_source_product,urn:nasa:pds:viper_geospatial:lroc_orthoimages:nac.m1160791027re-ortho::1.0
data_to_raw_source_product,urn:nasa:pds:viper_geospatial:lroc_orthoimages:nac.m1160805263le-ortho::1.0
data_to_raw_source_product,urn:nasa:pds:viper_geospatial:lroc_orthoimages:nac.m1160819505re-ortho::1.0
data_to_raw_source_product,urn:nasa:pds:viper_geospatial:lroc_orthoimages:nac.m1160833747le-ortho::1.0
data_to_raw_source_product,urn:nasa:pds:viper_geospatial:lroc_orthoimages:nac.m1160847988le-ortho::1.0
data_to_raw_source_product,urn:nasa:pds:viper_geospatial:lroc_orthoimages:nac.m1164776359re-ortho::1.0
data_to_raw_source_product,urn:nasa:pds:viper_geospatial:lroc_orthoimages:nac.m1164783437le-ortho::1.0
data_to_raw_source_product,urn:nasa:pds:viper_geospatial:lroc_orthoimages:nac.m1164783437re-ortho::1.0
data_to_raw_source_product,urn:nasa:pds:viper_geospatial:lroc_orthoimages:nac.m1164790590le-ortho::1.0
data_to_raw_source_product,urn:nasa:pds:viper_geospatial:lroc_orthoimages:nac.m1164790590re-ortho::1.0
data_to_raw_source_product,urn:nasa:pds:viper_geospatial:lroc_orthoimages:nac.m1164797684re-ortho::1.0
data_to_raw_source_product,urn:nasa:pds:viper_geospatial:lroc_orthoimages:nac.m1164797684le-ortho::1.0
data_to_raw_source_product,urn:nasa:pds:viper_geospatial:lroc_orthoimages:nac.m1164804823le-ortho::1.0
data_to_raw_source_product,urn:nasa:pds:viper_geospatial:lroc_orthoimages:nac.m1164804823re-ortho::1.0
data_to_raw_source_product,urn:nasa:pds:viper_geospatial:lroc_orthoimages:nac.m1164811928re-ortho::1.0
data_to_raw_source_product,urn:nasa:pds:viper_geospatial:lroc_orthoimages:nac.m1164819016le-ortho::1.0
data_to_raw_source_product,urn:nasa:pds:viper_geospatial:lroc_orthoimages:nac.m1167136666re-ortho::1.0
data_to_raw_source_product,urn:nasa:pds:viper_geospatial:lroc_orthoimages:nac.m1167150889re-ortho::1.0
data_to_raw_source_product,urn:nasa:pds:viper_geospatial:lroc_orthoimages:nac.m1167150889le-ortho::1.0
data_to_raw_source_product,urn:nasa:pds:viper_geospatial:lroc_orthoimages:nac.m1167883066re-ortho::1.0
data_to_raw_source_product,urn:nasa:pds:viper_geospatial:lroc_orthoimages:nac.m1167883066le-ortho::1.0
data_to_raw_source_product,urn:nasa:pds:viper_geospatial:lroc_orthoimages:nac.m1169481947re-ortho::1.0
data_to_raw_source_product,urn:nasa:pds:viper_geospatial:lroc_orthoimages:nac.m1169489046le-ortho::1.0
data_to_raw_source_product,urn:nasa:pds:viper_geospatial:lroc_orthoimages:nac.m1169489046re-ortho::1.0
data_to_raw_source_product,urn:nasa:pds:viper_geospatial:lroc_orthoimages:nac.m1169496158le-ortho::1.0
data_to_raw_source_product,urn:nasa:pds:viper_geospatial:lroc_orthoimages:nac.m1169496158re-ortho::1.0
data_to_raw_source_product,urn:nasa:pds:viper_geospatial:lroc_orthoimages:nac.m1169503267re-ortho::1.0
data_to_raw_source_product,urn:nasa:pds:viper_geospatial:lroc_orthoimages:nac.m1172559348le-ortho::1.0
data_to_raw_source_product,urn:nasa:pds:viper_geospatial:lroc_orthoimages:nac.m1184311171re-ortho::1.0
data_to_raw_source_product,urn:nasa:pds:viper_geospatial:lroc_orthoimages:nac.m1184311171le-ortho::1.0
data_to_raw_source_product,urn:nasa:pds:viper_geospatial:lroc_orthoimages:nac.m1185994931le-ortho::1.0
data_to_raw_source_product,urn:nasa:pds:viper_geospatial:lroc_orthoimages:nac.m1185994931re-ortho::1.0
data_to_raw_source_product,urn:nasa:pds:viper_geospatial:lroc_orthoimages:nac.m1186001961le-ortho::1.0
data_to_raw_source_product,urn:nasa:pds:viper_geospatial:lroc_orthoimages:nac.m1186001961re-ortho::1.0
data_to_raw_source_product,urn:nasa:pds:viper_geospatial:lroc_orthoimages:nac.m1186030056re-ortho::1.0
data_to_raw_source_product,urn:nasa:pds:viper_geospatial:lroc_orthoimages:nac.m1186648688re-ortho::1.0
data_to_raw_source_product,urn:nasa:pds:viper_geospatial:lroc_orthoimages:nac.m1186648688le-ortho::1.0
data_to_raw_source_product,urn:nasa:pds:viper_geospatial:lroc_orthoimages:nac.m1186662734re-ortho::1.0
data_to_raw_source_product,urn:nasa:pds:viper_geospatial:lroc_orthoimages:nac.m1186669763re-ortho::1.0
data_to_raw_source_product,urn:nasa:pds:viper_geospatial:lroc_orthoimages:nac.m1186669763le-ortho::1.0
data_to_raw_source_product,urn:nasa:pds:viper_geospatial:lroc_orthoimages:nac.m1188363389re-ortho::1.0
data_to_raw_source_product,urn:nasa:pds:viper_geospatial:lroc_orthoimages:nac.m1188996034re-ortho::1.0
data_to_raw_source_product,urn:nasa:pds:viper_geospatial:lroc_orthoimages:nac.m1189003064le-ortho::1.0
data_to_raw_source_product,urn:nasa:pds:viper_geospatial:lroc_orthoimages:nac.m1189010095re-ortho::1.0
data_to_raw_source_product,urn:nasa:pds:viper_geospatial:lroc_orthoimages:nac.m1190724822re-ortho::1.0
data_to_raw_source_product,urn:nasa:pds:viper_geospatial:lroc_orthoimages:nac.m1191378533le-ortho::1.0
data_to_raw_source_product,urn:nasa:pds:viper_geospatial:lroc_orthoimages:nac.m1195454648le-ortho::1.0
data_to_raw_source_product,urn:nasa:pds:viper_geospatial:lroc_orthoimages:nac.m1198408205le-ortho::1.0
data_to_raw_source_product,urn:nasa:pds:viper_geospatial:lroc_orthoimages:nac.m1198422276le-ortho::1.0
data_to_raw_source_product,urn:nasa:pds:viper_geospatial:lroc_orthoimages:nac.m1198422276re-ortho::1.0
data_to_raw_source_product,urn:nasa:pds:viper_geospatial:lroc_orthoimages:nac.m1198429319re-ortho::1.0
data_to_raw_source_product,urn:nasa:pds:viper_geospatial:lroc_orthoimages:nac.m1198429319le-ortho::1.0
data_to_raw_source_product,urn:nasa:pds:viper_geospatial:lroc_orthoimages:nac.m1198436358le-ortho::1.0
data_to_raw_source_product,urn:nasa:pds:viper_geospatial:lroc_orthoimages:nac.m1198450421re-ortho::1.0
data_to_raw_source_product,urn:nasa:pds:viper_geospatial:lroc_orthoimages:nac.m1198450421le-ortho::1.0
data_to_raw_source_product,urn:nasa:pds:viper_geospatial:lroc_orthoimages:nac.m1198471530re-ortho::1.0
data_to_raw_source_product,urn:nasa:pds:viper_geospatial:lroc_orthoimages:nac.m1203176508re-ortho::1.0
data_to_raw_source_product,urn:nasa:pds:viper_geospatial:lroc_orthoimages:nac.m1209562056le-ortho::1.0
data_to_raw_source_product,urn:nasa:pds:viper_geospatial:lroc_orthoimages:nac.m1209562056re-ortho::1.0
data_to_raw_source_product,urn:nasa:pds:viper_geospatial:lroc_orthoimages:nac.m1209569089le-ortho::1.0
data_to_raw_source_product,urn:nasa:pds:viper_geospatial:lroc_orthoimages:nac.m1209569089re-ortho::1.0
data_to_raw_source_product,urn:nasa:pds:viper_geospatial:lroc_orthoimages:nac.m1209576123re-ortho::1.0
data_to_raw_source_product,urn:nasa:pds:viper_geospatial:lroc_orthoimages:nac.m1212501938re-ortho::1.0
data_to_raw_source_product,urn:nasa:pds:viper_geospatial:lroc_orthoimages:nac.m1212508972le-ortho::1.0
data_to_raw_source_product,urn:nasa:pds:viper_geospatial:lroc_orthoimages:nac.m1212508972re-ortho::1.0
data_to_raw_source_product,urn:nasa:pds:viper_geospatial:lroc_orthoimages:nac.m1212516007re-ortho::1.0
data_to_raw_source_product,urn:nasa:pds:viper_geospatial:lroc_orthoimages:nac.m1212516007le-ortho::1.0
data_to_raw_source_product,urn:nasa:pds:viper_geospatial:lroc_orthoimages:nac.m1212523042le-ortho::1.0
data_to_raw_source_product,urn:nasa:pds:viper_geospatial:lroc_orthoimages:nac.m1214281147re-ortho::1.0
data_to_raw_source_product,urn:nasa:pds:viper_geospatial:lroc_orthoimages:nac.m1214281147le-ortho::1.0
data_to_raw_source_product,urn:nasa:pds:viper_geospatial:lroc_orthoimages:nac.m1214288179le-ortho::1.0
data_to_raw_source_product,urn:nasa:pds:viper_geospatial:lroc_orthoimages:nac.m1214295212le-ortho::1.0
data_to_raw_source_product,urn:nasa:pds:viper_geospatial:lroc_orthoimages:nac.m1214295212re-ortho::1.0
data_to_raw_source_product,urn:nasa:pds:viper_geospatial:lroc_orthoimages:nac.m1214302245le-ortho::1.0
data_to_raw_source_product,urn:nasa:pds:viper_geospatial:lroc_orthoimages:nac.m1214302245re-ortho::1.0
data_to_raw_source_product,urn:nasa:pds:viper_geospatial:lroc_orthoimages:nac.m1217200008re-ortho::1.0
data_to_raw_source_product,urn:nasa:pds:viper_geospatial:lroc_orthoimages:nac.m1217207050le-ortho::1.0
data_to_raw_source_product,urn:nasa:pds:viper_geospatial:lroc_orthoimages:nac.m1217207050re-ortho::1.0
data_to_raw_source_product,urn:nasa:pds:viper_geospatial:lroc_orthoimages:nac.m1217221097re-ortho::1.0
data_to_raw_source_product,urn:nasa:pds:viper_geospatial:lroc_orthoimages:nac.m1221335482le-ortho::1.0
data_to_raw_source_product,urn:nasa:pds:viper_geospatial:lroc_orthoimages:nac.m1221335482re-ortho::1.0
data_to_raw_source_product,urn:nasa:pds:viper_geospatial:lroc_orthoimages:nac.m1226026620re-ortho::1.0
data_to_raw_source_product,urn:nasa:pds:viper_geospatial:lroc_orthoimages:nac.m1228389754re-ortho::1.0
data_to_raw_source_product,urn:nasa:pds:viper_geospatial:lroc_orthoimages:nac.m1228431944le-ortho::1.0
data_to_raw_source_product,urn:nasa:pds:viper_geospatial:lroc_orthoimages:nac.m1242539946le-ortho::1.0
data_to_raw_source_product,urn:nasa:pds:viper_geospatial:lroc_orthoimages:nac.m1242539946re-ortho::1.0
data_to_raw_source_product,urn:nasa:pds:viper_geospatial:lroc_orthoimages:nac.m1242546979re-ortho::1.0
data_to_raw_source_product,urn:nasa:pds:viper_geospatial:lroc_orthoimages:nac.m1252470864re-ortho::1.0
data_to_raw_source_product,urn:nasa:pds:viper_geospatial:lroc_orthoimages:nac.m1252470864le-ortho::1.0
data_to_raw_source_product,urn:nasa:pds:viper_geospatial:lroc_orthoimages:nac.m1258997540re-ortho::1.0
data_to_raw_source_product,urn:nasa:pds:viper_geospatial:lroc_orthoimages:nac.m1259004576le-ortho::1.0
data_to_raw_source_product,urn:nasa:pds:viper_geospatial:lroc_orthoimages:nac.m1259004576re-ortho::1.0
data_to_raw_source_product,urn:nasa:pds:viper_geospatial:lroc_orthoimages:nac.m1259011610re-ortho::1.0
data_to_raw_source_product,urn:nasa:pds:viper_geospatial:lroc_orthoimages:nac.m1259011610le-ortho::1.0
data_to_raw_source_product,urn:nasa:pds:viper_geospatial:lroc_orthoimages:nac.m1259018640re-ortho::1.0
data_to_raw_source_product,urn:nasa:pds:viper_geospatial:lroc_orthoimages:nac.m1259046770le-ortho::1.0
data_to_raw_source_product,urn:nasa:pds:viper_geospatial:lroc_orthoimages:nac.m1268442557le-ortho::1.0
data_to_raw_source_product,urn:nasa:pds:viper_geospatial:lroc_orthoimages:nac.m1277862342le-ortho::1.0
data_to_raw_source_product,urn:nasa:pds:viper_geospatial:lroc_orthoimages:nac.m1277869372re-ortho::1.0
data_to_raw_source_product,urn:nasa:pds:viper_geospatial:lroc_orthoimages:nac.m1277869372le-ortho::1.0
data_to_raw_source_product,urn:nasa:pds:viper_geospatial:lroc_orthoimages:nac.m1284933994le-ortho::1.0
data_to_raw_source_product,urn:nasa:pds:viper_geospatial:lroc_orthoimages:nac.m1289602326le-ortho::1.0
data_to_raw_source_product,urn:nasa:pds:viper_geospatial:lroc_orthoimages:nac.m1289602326re-ortho::1.0
data_to_raw_source_product,urn:nasa:pds:viper_geospatial:lroc_orthoimages:nac.m1289609351le-ortho::1.0
data_to_raw_source_product,urn:nasa:pds:viper_geospatial:lroc_orthoimages:nac.m1289609351re-ortho::1.0
data_to_raw_source_product,urn:nasa:pds:viper_geospatial:lroc_orthoimages:nac.m1311129108re-ortho::1.0
data_to_raw_source_product,urn:nasa:pds:viper_geospatial:lroc_orthoimages:nac.m1315851902re-ortho::1.0
data_to_raw_source_product,urn:nasa:pds:viper_geospatial:lroc_orthoimages:nac.m1315851902le-ortho::1.0
data_to_raw_source_product,urn:nasa:pds:viper_geospatial:lroc_orthoimages:nac.m1315893996re-ortho::1.0
data_to_raw_source_product,urn:nasa:pds:viper_geospatial:lroc_orthoimages:nac.m1315915079re-ortho::1.0
data_to_raw_source_product,urn:nasa:pds:viper_geospatial:lroc_orthoimages:nac.m1317818890re-ortho::1.0
data_to_raw_source_product,urn:nasa:pds:viper_geospatial:lroc_orthoimages:nac.m1317832972re-ortho::1.0
data_to_raw_source_product,urn:nasa:pds:viper_geospatial:lroc_orthoimages:nac.m1317861059le-ortho::1.0
data_to_raw_source_product,urn:nasa:pds:viper_geospatial:lroc_orthoimages:nac.m1317861059re-ortho::1.0
data_to_raw_source_product,urn:nasa:pds:viper_geospatial:lroc_orthoimages:nac.m1317875127re-ortho::1.0
data_to_raw_source_product,urn:nasa:pds:viper_geospatial:lroc_orthoimages:nac.m1320201921re-ortho::1.0
data_to_raw_source_product,urn:nasa:pds:viper_geospatial:lroc_orthoimages:nac.m1332214910re-ortho::1.0
data_to_raw_source_product,urn:nasa:pds:viper_geospatial:lroc_orthoimages:nac.m1332264203le-ortho::1.0
data_to_raw_source_product,urn:nasa:pds:viper_geospatial:lroc_orthoimages:nac.m1339011127re-ortho::1.0
data_to_raw_source_product,urn:nasa:pds:viper_geospatial:lroc_orthoimages:nac.m1341331935le-ortho::1.0
data_to_raw_source_product,urn:nasa:pds:viper_geospatial:lroc_orthoimages:nac.m1341353038re-ortho::1.0
data_to_raw_source_product,urn:nasa:pds:viper_geospatial:lroc_orthoimages:nac.m1341353038le-ortho::1.0
data_to_raw_source_product,urn:nasa:pds:viper_geospatial:lroc_orthoimages:nac.m1341641403le-ortho::1.0
data_to_raw_source_product,urn:nasa:pds:viper_geospatial:lroc_orthoimages:nac.m1343742726le-ortho::1.0
data_to_raw_source_product,urn:nasa:pds:viper_geospatial:lroc_orthoimages:nac.m1343967544le-ortho::1.0
data_to_raw_source_product,urn:nasa:pds:viper_geospatial:lroc_orthoimages:nac.m1343967544re-ortho::1.0
data_to_raw_source_product,urn:nasa:pds:viper_geospatial:lroc_orthoimages:nac.m1346039811re-ortho::1.0
data_to_raw_source_product,urn:nasa:pds:viper_geospatial:lroc_orthoimages:nac.m1346039811le-ortho::1.0
data_to_raw_source_product,urn:nasa:pds:viper_geospatial:lroc_orthoimages:nac.m1350756197re-ortho::1.0
data_to_raw_source_product,urn:nasa:pds:viper_geospatial:lroc_orthoimages:nac.m1350770260re-ortho::1.0
data_to_raw_source_product,urn:nasa:pds:viper_geospatial:lroc_orthoimages:nac.m1350770260le-ortho::1.0
data_to_raw_source_product,urn:nasa:pds:viper_geospatial:lroc_orthoimages:nac.m1351009320re-ortho::1.0
data_to_raw_source_product,urn:nasa:pds:viper_geospatial:lroc_orthoimages:nac.m1351009320le-ortho::1.0
data_to_raw_source_product,urn:nasa:pds:viper_geospatial:lroc_orthoimages:nac.m1360184375le-ortho::1.0
data_to_raw_source_product,urn:nasa:pds:viper_geospatial:lroc_orthoimages:nac.m1360219590re-ortho::1.0
data_to_raw_source_product,urn:nasa:pds:viper_geospatial:lroc_orthoimages:nac.m1360219590le-ortho::1.0
data_to_raw_source_product,urn:nasa:pds:viper_geospatial:lroc_orthoimages:nac.m1360395703le-ortho::1.0
data_to_raw_source_product,urn:nasa:pds:viper_geospatial:lroc_orthoimages:nac.m1369583513le-ortho::1.0
data_to_raw_source_product,urn:nasa:pds:viper_geospatial:lroc_orthoimages:nac.m1369597578le-ortho::1.0
data_to_raw_source_product,urn:nasa:pds:viper_geospatial:lroc_orthoimages:nac.m1369611638re-ortho::1.0
data_to_raw_source_product,urn:nasa:pds:viper_geospatial:lroc_orthoimages:nac.m1369688944re-ortho::1.0
data_to_raw_source_product,urn:nasa:pds:viper_geospatial:lroc_orthoimages:nac.m1369688944le-ortho::1.0
data_to_raw_source_product,urn:nasa:pds:viper_geospatial:lroc_orthoimages:nac.m1369724098le-ortho::1.0
data_to_raw_source_product,urn:nasa:pds:viper_geospatial:lroc_orthoimages:nac.m1371959000le-ortho::1.0
data_to_raw_source_product,urn:nasa:pds:viper_geospatial:lroc_orthoimages:nac.m1372078480le-ortho::1.0
data_to_raw_source_product,urn:nasa:pds:viper_geospatial:lroc_orthoimages:nac.m1372078480re-ortho::1.0
data_to_raw_source_product,urn:nasa:pds:viper_geospatial:lroc_orthoimages:nac.m1376645488re-ortho::1.0
data_to_raw_source_product,urn:nasa:pds:viper_geospatial:lroc_orthoimages:nac.m1376645488le-ortho::1.0
data_to_raw_source_product,urn:nasa:pds:viper_geospatial:lroc_orthoimages:nac.m1378896510re-ortho::1.0
data_to_raw_source_product,urn:nasa:pds:viper_geospatial:lroc_orthoimages:nac.m1378896510le-ortho::1.0
data_to_raw_source_product,urn:nasa:pds:viper_geospatial:lroc_orthoimages:nac.m1379086457le-ortho::1.0
data_to_raw_source_product,urn:nasa:pds:viper_geospatial:lroc_orthoimages:nac.m1379107559le-ortho::1.0
data_to_raw_source_product,urn:nasa:pds:viper_geospatial:lroc_orthoimages:nac.m1379107559re-ortho::1.0
data_to_raw_source_product,urn:nasa:pds:viper_geospatial:lroc_orthoimages:nac.m1379163885re-ortho::1.0
data_to_raw_source_product,urn:nasa:pds:viper_geospatial:lroc_orthoimages:nac.m1381415613le-ortho::1.0
data_to_raw_source_product,urn:nasa:pds:viper_geospatial:lroc_orthoimages:nac.m1381767636le-ortho::1.0
data_to_raw_source_product,urn:nasa:pds:viper_geospatial:lroc_orthoimages:nac.m1381767636re-ortho::1.0
